,@Username,Tweet,Lokasi
0,Alfakton_i,"Kerjaan Anies nothing!! kasian Jokowi yang harus beresin kerjaan anies!!

#AniesBaswedan #Jokowi #GanjarPranowo 

Partai Prima Indomie Yatai #HARAM KPAI #SavePendampingDesa Formula E Barca Maret ARTIST AND STAFF Silent Jalur Turut Selamat Ulang Tahun https://t.co/2EYWGhhdoy",Indonesia
1,bpjtegal,"Sahabat #JalanCantik
Pemeliharaan Rutin Jalan dan Jembatan
BPJ Wilayah Tegal

#JatengGayeng

@ganjarpranowo @TajYasinMZ @provjateng @humasjateng @dprdjatengprov @dpubmckjateng https://t.co/Oj5GwX853S","Slawi, Indonesia"
2,Alfakton_i,"Anies cuma boneka yang hinggap sana sini gak punya kemampuan!!

#AniesBaswedan #Jokowi #GanjarPranowo 

Partai Prima Indomie Yatai #HARAM KPAI #SavePendampingDesa Formula E Barca Maret ARTIST AND STAFF Silent Jalur Turut Selamat Ulang Tahun https://t.co/qjyse6yEHG",Indonesia
3,Matabat42549143,@BosPurwa @ganjarpranowo Kalau kodok ingin terbang ya pasti gagal…kalau anak elang ingin terbang pasti bisa…,
4,bpjtegal,"Sahabat #JalanCantik
Pemeliharaan Rutin Jalan dan Jembatan
BPJ Wilayah Tegal

#JatengGayeng

@ganjarpranowo @TajYasinMZ @provjateng @humasjateng @dprdjatengprov @dpubmckjateng https://t.co/Fl67nRNExs","Slawi, Indonesia"
5,Alfakton_i,"Anies takut elektabilitas dan citranya turun jelang Pilpres 2024!!

#AniesBaswedan #Jokowi #GanjarPranowo 

Partai Prima Indomie Yatai #HARAM KPAI #SavePendampingDesa Formula E Barca Maret ARTIST AND STAFF Silent Jalur Turut Selamat Ulang Tahun https://t.co/LsNm0OHzxI",Indonesia
6,bpjtegal,"Sahabat #JalanCantik
Pemeliharaan Rutin Jalan dan Jembatan
BPJ Wilayah Tegal

#JatengGayeng

@ganjarpranowo @TajYasinMZ @provjateng @humasjateng @dprdjatengprov @dpubmckjateng https://t.co/xXGkXLyE83","Slawi, Indonesia"
7,Alfakton_i,"Anies tidak pernah keluarkan ide ekstrem karena takut kehilangan konstituen!!

#AniesBaswedan #Jokowi #GanjarPranowo 

Partai Prima Indomie Yatai #HARAM KPAI #SavePendampingDesa Formula E Barca Maret ARTIST AND STAFF Silent Jalur Turut Selamat Ulang Tahun https://t.co/i2IflB28fL",Indonesia
8,anaanakbarw,"@abuumarabdullah @ainunia @blontankpoer @ganjarpranowo https://t.co/KmfPBxikvx

Jalan provinsi itu, baca sampai akhir",
9,bpjtegal,"Sahabat #JalanCantik
Pemeliharaan Rutin Jalan dan Jembatan
BPJ Wilayah Tegal

#JatengGayeng

@ganjarpranowo @TajYasinMZ @provjateng @humasjateng @dprdjatengprov @dpubmckjateng https://t.co/lnQDbiXU8i","Slawi, Indonesia"
10,bpjtegal,"Sahabat #JalanCantik
Pemeliharaan Rutin Jalan dan Jembatan
BPJ Wilayah Tegal

#JatengGayeng

@ganjarpranowo @TajYasinMZ @provjateng @humasjateng @dprdjatengprov @dpubmckjateng https://t.co/U8EWS9R73G","Slawi, Indonesia"
11,Alfakton_i,"Anies mana berani sama bohirnya!! 11 bulan berpolitik tidak jelas omongannya!!

#AniesBaswedan #Jokowi #GanjarPranowo 

Partai Prima Indomie Yatai #HARAM KPAI #SavePendampingDesa Formula E Barca Maret ARTIST AND STAFF Silent Jalur Turut Selamat Ulang Tahun https://t.co/56a5N4EhkQ",Indonesia
12,bpjtegal,"Sahabat #JalanCantik
Pemeliharaan Rutin Jalan dan Jembatan
BPJ Wilayah Tegal

#JatengGayeng

@ganjarpranowo @TajYasinMZ @provjateng @humasjateng @dprdjatengprov @dpubmckjateng https://t.co/xb56fdMCZm","Slawi, Indonesia"
13,bpjtegal,"Sahabat #JalanCantik
Pemeliharaan Rutin Jalan dan Jembatan
BPJ Wilayah Tegal

#JatengGayeng

@ganjarpranowo @TajYasinMZ @provjateng @humasjateng @dprdjatengprov @dpubmckjateng https://t.co/oPtCFCjTAk","Slawi, Indonesia"
14,Alfakton_i,"Fahri Hamzah menilai anies baswedan adalah sosok yang pengecut!!

#AniesBaswedan #Jokowi #GanjarPranowo 

Partai Prima Indomie Yatai #HARAM KPAI #SavePendampingDesa Formula E Barca Maret ARTIST AND STAFF Silent Jalur Turut Selamat Ulang Tahun https://t.co/koSTq8YkQr",Indonesia
15,bpjtegal,"Sahabat #JalanCantik
Pemeliharaan Rutin Jalan dan Jembatan
BPJ Wilayah Tegal

#JatengGayeng

@ganjarpranowo @TajYasinMZ @provjateng @humasjateng @dprdjatengprov @dpubmckjateng https://t.co/aOP77NgGAY","Slawi, Indonesia"
16,MuhammadTuhasan,"Aplikasi Jalan Cantik yang diluncurkan Gubernur Jawa Tengah Ganjar Pranowo sejak 2019 lalu  Gaes. Jadi pengen,2024 nanti program dan aplikasi ini berskala Nasional. Setuju gak Gaes?? https://t.co/bmy3PWmCmS","Kalimantan Selatan, Indonesia"
17,jan_athos,@Coco_exp @ch_chotimah2 @ganjarpranowo Karena engga punya prestasi jdi yg di tonjolkan hal ngaspal ulang yg dijadikan prestasi.. capres tukang nonton bokep emang siapa yg mau milih...,Usa
18,ArgaituGunung,"@TyoSade35337920 @jar09071983 @ch_chotimah2 @ganjarpranowo Kau ngomong akhlak, gk kau tengok tweet kau itu apa? Kau menuduh anis bancakan anggaran, kau ada bukti asu?",
19,bpjtegal,"Sahabat #JalanCantik
Pemeliharaan Rutin Jalan dan Jembatan
BPJ Wilayah Tegal

#JatengGayeng

@ganjarpranowo @TajYasinMZ @provjateng @humasjateng @dprdjatengprov @dpubmckjateng https://t.co/NNxhMQ5VEQ","Slawi, Indonesia"
20,Otasam08661902,@rio5643 @ch_chotimah2 @ganjarpranowo Genjer mana genjer ?.,"Malang, Jawa Timur"
21,bpjtegal,"Sahabat #JalanCantik
Pemeliharaan Rutin Jalan dan Jembatan
BPJ Wilayah Tegal

#JatengGayeng

@ganjarpranowo @TajYasinMZ @provjateng @humasjateng @dprdjatengprov @dpubmckjateng https://t.co/KwNeeT2f6j","Slawi, Indonesia"
22,Rian__Az,@mbokpoetry @ganjarpranowo GGMU💪😁,
23,GongBagong3,"Masih lama ngantrinya, Pak @ganjarpranowo? https://t.co/Nnk9jqMxHL",
24,AriJasmine2,"@ch_chotimah2 @ganjarpranowo Abis makan tai basi ya,...🤣
Jadi ngaco otaknya 😆",
25,AlisyahMutiara,"Ratusan warga berbondong-bondong melaksanakan salat subuh berjemaah di Masjid Raya Sheikh Zayed Solo bersama Ganjar Pranowo dan Wapres Ma’ruf Amin.

ARTIST AND STAFF
Indomie Yatai
Matthew
PARK JIMIN
KPAI
Morningg
Pagiii https://t.co/N6mWUbJvGu",Palembang
26,bpjtegal,"Sahabat #JalanCantik
Pemeliharaan Rutin Jalan dan Jembatan
BPJ Wilayah Tegal

#JatengGayeng

@ganjarpranowo @TajYasinMZ @provjateng @humasjateng @dprdjatengprov @dpubmckjateng https://t.co/uz7SfZwnMQ","Slawi, Indonesia"
27,bpjtegal,"Sahabat #JalanCantik
Pemeliharaan Rutin Jalan dan Jembatan
BPJ Wilayah Tegal

#JatengGayeng

@ganjarpranowo @TajYasinMZ @provjateng @humasjateng @dprdjatengprov @dpubmckjateng https://t.co/7HvNAZ7ApU","Slawi, Indonesia"
28,bpjtegal,"Sahabat #JalanCantik
Pemeliharaan Rutin Jalan dan Jembatan
BPJ Wilayah Tegal

#JatengGayeng

@ganjarpranowo @TajYasinMZ @provjateng @humasjateng @dprdjatengprov @dpubmckjateng https://t.co/FX137Ck4fd","Slawi, Indonesia"
29,bpjtegal,"Sahabat #JalanCantik
Pemeliharaan Rutin Jalan dan Jembatan
BPJ Wilayah Tegal

#JatengGayeng

@ganjarpranowo @TajYasinMZ @provjateng @humasjateng @dprdjatengprov @dpubmckjateng https://t.co/aqJGZbVKtz","Slawi, Indonesia"
30,bpjtegal,"Sahabat #JalanCantik
Pemeliharaan Rutin Jalan dan Jembatan
BPJ Wilayah Tegal

#JatengGayeng

@ganjarpranowo @TajYasinMZ @provjateng @humasjateng @dprdjatengprov @dpubmckjateng https://t.co/0bRdo1TO8Z","Slawi, Indonesia"
31,hendrajohno78,"@blontankpoer @ganjarpranowo Provinsi basis partai pdip,
Pusat nya jg partai pdip,

Mudah2an cepat di respon mas.

Karna pdip partai nya wong cilik.
Membela kepentingan wong cilik.

Tp kalo wong cilik gak lewat jalan tsbt,,,
Ya ndak tau jg.",
32,bpjtegal,"Sahabat #JalanCantik
Pemeliharaan Rutin Jalan dan Jembatan
BPJ Wilayah Tegal

#JatengGayeng

@ganjarpranowo @TajYasinMZ @provjateng @humasjateng @dprdjatengprov @dpubmckjateng https://t.co/AMQDUXEasx","Slawi, Indonesia"
33,membangunnegri1,"Omah Putih bukti kecintaan masyarakat pada Ganjar Pranowo.

Indomie Yatai KPAI Partai Prima ARTIST AND STAFF Silent Matthew WELCOME WINWIN TO PARIS 
#Ganjar
#ganjarpranowo
#ganjarbertanggungjawab
#HARAM
#TDS2inJAKARTA
#SECRET_NUMBER 
#SavePendampingDesa
#TAEYONG 
#TAEYONGtoPFW23 https://t.co/8Vzuri7fG8",
34,bpjtegal,"Sahabat #JalanCantik
Pemeliharaan Rutin Jalan dan Jembatan
BPJ Wilayah Tegal

#JatengGayeng

@ganjarpranowo @TajYasinMZ @provjateng @humasjateng @dprdjatengprov @dpubmckjateng https://t.co/WpBOHkYNvq","Slawi, Indonesia"
35,bpjtegal,"Sahabat #JalanCantik
Pemeliharaan Rutin Jalan dan Jembatan
BPJ Wilayah Tegal

#JatengGayeng

@ganjarpranowo @TajYasinMZ @provjateng @humasjateng @dprdjatengprov @dpubmckjateng https://t.co/tEWV1dpHiT","Slawi, Indonesia"
36,Teropong62,"Omah Putih bukti kecintaan masyarakat pada Ganjar Pranowo.

Indomie Yatai KPAI Partai Prima ARTIST AND STAFF Silent Matthew WELCOME WINWIN TO PARIS 
#Ganjar
#ganjarpranowo
#ganjarbertanggungjawab
#HARAM
#TDS2inJAKARTA
#SECRET_NUMBER 
#SavePendampingDesa
#TAEYONG 
#TAEYONGtoPFW23 https://t.co/CHt6AFHm7v",
37,Matpeci212,@PutraErlangga95 @ganjarpranowo Pembangunan yang tidak memperhatikan aspek lingkungan...,Jakarta Ciliwung River
38,bpjtegal,"Sahabat #JalanCantik
Pemeliharaan Rutin Jalan dan Jembatan
BPJ Wilayah Tegal

#JatengGayeng

@ganjarpranowo @TajYasinMZ @provjateng @humasjateng @dprdjatengprov @dpubmckjateng https://t.co/RoQWCKmfVd","Slawi, Indonesia"
39,bpjtegal,"Sahabat #JalanCantik
Pemeliharaan Rutin Jalan dan Jembatan
BPJ Wilayah Tegal

#JatengGayeng

@ganjarpranowo @TajYasinMZ @provjateng @humasjateng @dprdjatengprov @dpubmckjateng https://t.co/xnBqj1qyJw","Slawi, Indonesia"
40,MekanikHappy,@ch_chotimah2 @ganjarpranowo Monyet @ch_chotimah2 pasti bukan orang Jateng wkwkwkwk KL lu warga Jateng pasti tau dan mikir dua kali,"Makasar, Indonesia"
41,jayarastafara54,"@mitraline9 @ganjarpranowo Sukses selalu matamu,jalan rusak,macet parah,banjir dsb,,wartawan kebanyakan dibarat jadi jarang keekpos,gubernur pki bisanya pencitraan",
42,bpjtegal,"Sahabat #JalanCantik
Pemeliharaan Rutin Jalan dan Jembatan
BPJ Wilayah Tegal

#JatengGayeng

@ganjarpranowo @TajYasinMZ @provjateng @humasjateng @dprdjatengprov @dpubmckjateng https://t.co/5FMuLkTcMK","Slawi, Indonesia"
43,bpjtegal,"Sahabat #JalanCantik
Pemeliharaan Rutin Jalan dan Jembatan
BPJ Wilayah Tegal

#JatengGayeng

@ganjarpranowo @TajYasinMZ @provjateng @humasjateng @dprdjatengprov @dpubmckjateng https://t.co/A4QCbZqzYY","Slawi, Indonesia"
44,bpjtegal,"Sahabat #JalanCantik
Pemeliharaan Rutin Jalan dan Jembatan
BPJ Wilayah Tegal

#JatengGayeng

@ganjarpranowo @TajYasinMZ @provjateng @humasjateng @dprdjatengprov @dpubmckjateng https://t.co/9ADPVWChQB","Slawi, Indonesia"
45,bpjtegal,"Sahabat #JalanCantik
Pemeliharaan Rutin Jalan dan Jembatan
BPJ Wilayah Tegal

#JatengGayeng

@ganjarpranowo @TajYasinMZ @provjateng @humasjateng @dprdjatengprov @dpubmckjateng https://t.co/fjVBShMZlg","Slawi, Indonesia"
46,KodratArief,@RizkiR4madani @ganjarpranowo Masih ngomong etika politik namanya Politik ya berpolitik siapa cepet biar dapat seng alon asal kelakon ketinggalan,Bogor Indonesia 
47,bpjtegal,"Sahabat #JalanCantik
Pemeliharaan Rutin Jalan dan Jembatan
BPJ Wilayah Tegal

#JatengGayeng

@ganjarpranowo @TajYasinMZ @provjateng @humasjateng @dprdjatengprov @dpubmckjateng https://t.co/hFZ3VIOBxi","Slawi, Indonesia"
48,SantriBaholak,@BosPurwa @ganjarpranowo https://t.co/DufI0fop4S,"Sumatera Utara, Indonesia"
49,bpjtegal,"Sahabat #JalanCantik
Pemeliharaan Rutin Jalan dan Jembatan
BPJ Wilayah Tegal

#JatengGayeng

@ganjarpranowo @TajYasinMZ @provjateng @humasjateng @dprdjatengprov @dpubmckjateng https://t.co/7RZF1R2T2x","Slawi, Indonesia"
50,bpjtegal,"Sahabat #JalanCantik
Pemeliharaan Rutin Jalan dan Jembatan
BPJ Wilayah Tegal

#JatengGayeng

@ganjarpranowo @TajYasinMZ @provjateng @humasjateng @dprdjatengprov @dpubmckjateng https://t.co/00p2kaGKCY","Slawi, Indonesia"
51,Samboja99038183,@kominfo_jtg @ganjarpranowo Jalan Provinsi dari kecamatan Banyuputih s/d Kec.Reban Kab.Batang Rusak Parah Akibat Aktifitas Penambangan Galian-C...Mohon di Atensi. Terimakasih,
52,bpjtegal,"Sahabat #JalanCantik
Pemeliharaan Rutin Jalan dan Jembatan
BPJ Wilayah Tegal

#JatengGayeng

@ganjarpranowo @TajYasinMZ @provjateng @humasjateng @dprdjatengprov @dpubmckjateng https://t.co/QtXWHDvpzf","Slawi, Indonesia"
53,bpjtegal,"Sahabat #JalanCantik
Pemeliharaan Rutin Jalan dan Jembatan
BPJ Wilayah Tegal

#JatengGayeng

@ganjarpranowo @TajYasinMZ @provjateng @humasjateng @dprdjatengprov @dpubmckjateng https://t.co/ccl9otdU1q","Slawi, Indonesia"
54,bpjtegal,"Sahabat #JalanCantik
Pemeliharaan Rutin Jalan dan Jembatan
BPJ Wilayah Tegal

#JatengGayeng

@ganjarpranowo @TajYasinMZ @provjateng @humasjateng @dprdjatengprov @dpubmckjateng https://t.co/Bylen6istb","Slawi, Indonesia"
55,bpjtegal,"Sahabat #JalanCantik
Pemeliharaan Rutin Jalan dan Jembatan
BPJ Wilayah Tegal

#JatengGayeng

@ganjarpranowo @TajYasinMZ @provjateng @humasjateng @dprdjatengprov @dpubmckjateng https://t.co/bemmFcVseT","Slawi, Indonesia"
56,bpjtegal,"Sahabat #JalanCantik
Pemeliharaan Rutin Jalan dan Jembatan
BPJ Wilayah Tegal

#JatengGayeng

@ganjarpranowo @TajYasinMZ @provjateng @humasjateng @dprdjatengprov @dpubmckjateng https://t.co/2h8ZpE1gGr","Slawi, Indonesia"
57,bpjtegal,"Sahabat #JalanCantik
Pemeliharaan Rutin Jalan dan Jembatan
BPJ Wilayah Tegal

#JatengGayeng

@ganjarpranowo @TajYasinMZ @provjateng @humasjateng @dprdjatengprov @dpubmckjateng https://t.co/ITtsHfL3FT","Slawi, Indonesia"
58,Sukandramush1,"@abu_waras Pengamat @mqodari 
Betul.
 Dasarnya apa  ?, ...
Survei juga (bukan peramal) 
Selalu muncul tiga nama, 
@ganjarpranowo 
@prabowo 
@aniesbaswedan 
@AgusYudhoyono (Belum tayang).","Solo Raya, Surakarta, Jateng. "
59,arispidekso,@BosPurwa @ganjarpranowo No point,
60,SitiSolichah5,@ganjarpranowo @LaporGub_ Gk mutu banget sampyn ki pak pak..gitu kok pengen RI 1...RI itu gedhe banget...rakyatnya pinter²...sampyn gk bakal sanggup,
61,Genduniamaya,"@ch_chotimah2 @ganjarpranowo Angkat prestasinya, jauhkan sifat menjelekkn orang lain karena suatu saat akan ada org yg lebih jelek menjelekkan kamu, inilah yg dinamakan kebaikan akan kembali pada yg berbuat baik, keburukan juga akan kembali kpd yg berkata buruk.",Kajarta
62,ET_Monitor,"ERICK THOHIR NEWS |  Duet Maut Ganjar Pranowo dan Erick Thohir, PAN Sudah Bicarakan Kepada Partai PDIP https://t.co/9DzRKNhgru | BangkitBersamaET","DKI Jakarta, Indonesia"
63,foers792,"@ch_chotimah2 @ganjarpranowo kemana mana ini anak selalu inget ke anies, pak anies the best lah, ampe semua buzzer selalu merindukan ha ha ha",kota hujan
64,anakodok2009,"@TyoSade35337920 @ch_chotimah2 @ganjarpranowo Hebat bs bikin jl 10rb km, daendels aja kalah. Salut guwe","Jakarta Capital Region, Indone"
65,BPJPATI,"Hallo Sahabat #JalanCantik
Pemeliharaan Rutin Jalan dan Jembatan
BPJ Wilayah Pati

#JatengGayeng
#gunakanmasker
#jagajarak
#cucitangan

@ganjarpranowo
@TajYasinMZ
@provjateng
@humasjateng
@dpubmckjateng
@BPJPATI https://t.co/c8Sbaczg2G",
66,BPJPATI,"Hallo Sahabat #JalanCantik
Pemeliharaan Rutin Jalan dan Jembatan
BPJ Wilayah Pati

#JatengGayeng
#gunakanmasker
#jagajarak
#cucitangan

@ganjarpranowo
@TajYasinMZ
@provjateng
@humasjateng
@dpubmckjateng
@BPJPATI https://t.co/w2MBGfGZ1N",
67,anakodok2009,@ch_chotimah2 @ganjarpranowo Jl desa gk pakai apbd :))),"Jakarta Capital Region, Indone"
68,BPJPATI,"Hallo Sahabat #JalanCantik
Pemeliharaan Rutin Jalan dan Jembatan
BPJ Wilayah Pati

#JatengGayeng
#gunakanmasker
#jagajarak
#cucitangan

@ganjarpranowo
@TajYasinMZ
@provjateng
@humasjateng
@dpubmckjateng
@BPJPATI https://t.co/YN40sfCdKf",
69,BPJPATI,"Hallo Sahabat #JalanCantik
Pemeliharaan Rutin Jalan dan Jembatan
BPJ Wilayah Pati

#JatengGayeng
#gunakanmasker
#jagajarak
#cucitangan

@ganjarpranowo
@TajYasinMZ
@provjateng
@humasjateng
@dpubmckjateng
@BPJPATI https://t.co/4Rg4MFZBSC",
70,fajarpuger,"@ganjarpranowo Gubernur Jawa tengah top banget,, apresiasi untuk beliau,, luar biasa penurunan stunting Jateng,,Krn hal itu tidak mudah untuk menurunkan nya..yg nyinyir nggak usah digubris pak, lanjutkan semangat bekerja untuk Jateng and then Indonesia 👍",Indonesia
71,BPJPATI,"Hallo Sahabat #JalanCantik
Pemeliharaan Rutin Jalan dan Jembatan
BPJ Wilayah Pati

#JatengGayeng
#gunakanmasker
#jagajarak
#cucitangan

@ganjarpranowo
@TajYasinMZ
@provjateng
@humasjateng
@dpubmckjateng
@BPJPATI https://t.co/9tNSJYG4B8",
72,BPJPATI,"Hallo Sahabat #JalanCantik
Pemeliharaan Rutin Jalan dan Jembatan
BPJ Wilayah Pati

#JatengGayeng
#gunakanmasker
#jagajarak
#cucitangan

@ganjarpranowo
@TajYasinMZ
@provjateng
@humasjateng
@dpubmckjateng
@BPJPATI https://t.co/KfIRGx8Svb",
73,BPJPATI,"Hallo Sahabat #JalanCantik
Pemeliharaan Rutin Jalan dan Jembatan
BPJ Wilayah Pati

#JatengGayeng
#gunakanmasker
#jagajarak
#cucitangan

@ganjarpranowo
@TajYasinMZ
@provjateng
@humasjateng
@dpubmckjateng
@BPJPATI https://t.co/JNKQOs8YMe",
74,adiwdj,"Pak @ganjarpranowo, Kali Lusi banjir lagi. Semoga @KemenPU ingat dengan rencana normalisasinya. https://t.co/ykeQNThdSO https://t.co/jEyGVadjUj",Purwodadi
75,BPJPATI,"Hallo Sahabat #JalanCantik
Pemeliharaan Rutin Jalan dan Jembatan
BPJ Wilayah Pati

#JatengGayeng
#gunakanmasker
#jagajarak
#cucitangan

@ganjarpranowo
@TajYasinMZ
@provjateng
@humasjateng
@dpubmckjateng
@BPJPATI https://t.co/FvQb2oLZEz",
76,wirryo,@LekKacung @ganjarpranowo @pupr_sda @bbwsbsolo @sekolahsungaik1 Untung iso lewat. Nek ra jebol,tangerang
77,DSetiawanovic,"@undipmenfess Assalamu'allaikum, Pak @ganjarpranowo, Ibu @MbakIta_SMG &amp; Pak @hendrarprihadi.Mohon bantuannya untuk kasus ini,Agar Kota Semarang menjadi aman kembali🙏🏻",
78,VikiHardiansya2,"@ganjarpranowo bagus pak,ganjar",
79,RizkiR4madani,"PDIP soal Elektabilitas @ganjarpranowo Tinggi: Namanya Survei Sangat Dinamis. Lah Iye Memang Dinamis Pak, Kepercayaan Rakyat Ke Partai Juga Sangat"" Dinamis. Yg Pentinggi Partai Inginkan Ape Sih? Kekuasaan Dll. Yg Rakyat Inginkan Ape Coba? Coba Jawab Dweh https://t.co/tCwa7rZAMd","Depok, Jawa Barat"
80,ChristieBonton,"Ganjar sendiri telah mengentas kemiskinan satu juta orang selama memimpin Jateng. Berdasarkan data Badan Pusat Statistik (BPS), tingkat kemiskinan di Jateng tinggal 10,93 persen pada 2022.
#GanjarPranowo https://t.co/IXduMFfEGp",
81,Teropong62,"Betul ! kualitas pemimpin itu dinilai dari pencapaiannya.

Indomie Yatai KPAI Partai Prima ARTIST AND STAFF Silent Matthew WELCOME WINWIN TO PARIS 
#Ganjar
#ganjarpranowo 
#ganjarbertanggungjawab
#HARAM
#TDS2inJAKARTA
#SECRET_NUMBER 
#SavePendampingDesa
#TAEYONG 
#TAEYONGtoPFW23 https://t.co/lgf4hotLvG",
82,barry_all2n,"@AndiDarwis71 @Dennysiregar7 @ch_chotimah2 @Miduk17 @yusuf_dumdum Den Ganjar Pranowo
Pak Prabowo subianto
Mas erik tohir",
83,Satriya1158,"@adeantiko @blontankpoer @ganjarpranowo Hahaha.. Tpi dg gaya kepemimpinan pak @ganjarpranowo, sy yakin jalan itu akan segera diperbaiki oleh pemerintah setempat. Bukankah begitu pak Ganjar? 🙏🏼",
84,Lilikgm1,"@kominfo_jtg @ganjarpranowo Ini rusak pak sepanjang  jl jetis., gerilia dan petanahan kebumen Jawa tengah monggo di cek https://t.co/H2VntPJ8je","Semarang Timur, Indonesia"
85,membangunnegri1,"Betul ! kualitas pemimpin itu dinilai dari pencapaiannya.

Indomie Yatai KPAI Partai Prima ARTIST AND STAFF Silent Matthew WELCOME WINWIN TO PARIS 
#Ganjar
#ganjarpranowo 
#ganjarbertanggungjawab
#HARAM
#TDS2inJAKARTA
#SECRET_NUMBER 
#SavePendampingDesa
#TAEYONG 
#TAEYONGtoPFW23 https://t.co/mnEyXNHqbW",
86,aan_muba,"Keberadaan gamelan mendukung pariwisata desa dan menambah kecintaan anak muda terhadap budaya bangsa.

@ganjarpranowo 

#GANTARI 🇲🇨 https://t.co/hyP8XaNpiO",
87,bamantara00,"Lagi2 nama Erick Thohir disandingkan dg dua nama terkuat kandidat capres yaitu Ganjar Pranowo &amp; Prabowo Subianto. 
Dengan unggulnya Erick Thohir di semua survey, Erick Thohir disebut sbg penentu kemenangan pd pilpres 2024.

@erickthohir 
#BangkitBersamaET https://t.co/LpKLdOKin0",
88,KartonoAndi,@pn7l7h @KemenPU @ganjarpranowo mbok menowo mireng.,
89,__RismaWidiono_,"Dalam rangka percepatan pengentasan kemiskinan, Gubernur @ganjarpranowo akan menambah jumlah SMKN Jawa Tengah sebanyak 15 sekolah di seluruh daerah se-Jawa Tengah.
Maka, jumlah SMKN Jawa Tengah yang tadinya berjumlah 3, bertambah menjadi 18 sekolah.

https://t.co/4SxQ8dR981 https://t.co/Gay4ajHrUZ","DKI Jakarta, Indonesia"
90,Coco_exp,"@ch_chotimah2 @ganjarpranowo Ngibulnya kebangetan, kalau ngaspal ulang atau rehabilitasi itu bisa saja tapi itu juga bukan prestasi karena memang sudah menjadi tugas negara yang sudah ngutip pajak dari rakyat . Biasa aja lah cuk",Gosan 
91,IlangGapite,@imm_mbrk_ @ganjarpranowo Lobang kok tinggi?,"Kota Semarang, Jawa Tengah"
92,Arif_Analyst,@ganjarpranowo @LaporGub_ emang gak lagi banjir kah pak?,"Bontang, KalTim"
93,JatengTV,"(10) Dalam PT Perorangan, modal pendirian badan hukum bersifat bebas, mulai dari Rp0 hingga maksimal Rp5 Miliar. Menarik bukan? #Indonesiamaju #jokowi #ptperorangan #badanhukum #umkm #ganjarpranowo #prabowo #aniesbaswedan #puanmaharani #pilpres2024 https://t.co/HRqCfZTPEG","Semarang, Jawa Tengah"
94,teguh_hteguh2,"@ch_chotimah2 @ganjarpranowo Jangan lupa banjir di urus, jangan sibuk ngonten terus",Bekasi-indonesia
95,adeantiko,"@Satriya1158 @blontankpoer @ganjarpranowo Sama mas, saya kerja di kepulauan talaud, ada jalan lingkar pulau yang rusak parah, pernah cerita2 sama orang dinas PU pemkab dan pemprov, jawabannya sama, ""itu jalan nasional, kami g punya kewenangan"". Akhirnya cuma bisa pasrah nunggu.",
96,suryaamriza,"@MikaelTohaga @BosPurwa @ganjarpranowo Pidato &amp; caption isinya sama. Kl pidatonya jelas, caption jg jelas donk😅Tujuan twitnya? Diantaranya motivasi. Ga bs perbaiki bangsa cukup presidennya yg  berusaha sj, rakyatnya ngga. Atau anda berpendapat sebaliknya?😁 If you do and there're many like you, than we're hopeless.",Indonesia
97,Thinktoliving,@BosPurwa @ganjarpranowo Cukup antum yg nyebarin. Itulah soft power,
98,MelayuWarga,@ch_chotimah2 @ganjarpranowo Berita kontol,
99,rurisonatha,@ganjarpranowo @LaporGub_ @MamatAlkatiri kena skak sama om GP... Kapok lu Mat... 😂😂,Surga Langit Ke-7
100,cahangoncempe,"@blontankpoer @ganjarpranowo Tau mblangsak Nang kunu, tromol pitku ambyar",
101,indo_medok,"@blontankpoer @ganjarpranowo Iseh kalah karo Jl Kec Wedi-Kec Bayat rasakan sensasinyaa
Wisata jeglongan Sewu dengan suasana persawahan dan pegunungan.
Kalau konstan 60km/jam..berarti anda membantu Pengusaha Tambal Ban dan Bengkel setempat
Monggo Pinarak🤗",Pulau Komodo
102,MikaelTohaga,"@suryaamriza @BosPurwa @ganjarpranowo Twit situ yg gaslighting kali. Caption yg ditulis Ganjar ga jelaskan mksd pesannya. Isi pidato mah jelas, tp dlm rangka apa tiba2 posting video spt itu? Kan mau nyapres, tp kok seolah pesannya perubahan itu tgg jwb masing2, bkn pemimpin. Nah loh jd kontraproduktif kan.",
103,6undul0h,@JaenoXTM @ch_chotimah2 @ganjarpranowo Wah waah... ga elok kuwi,di sampingmu
104,rw_27,@elshinta_smg @RadioElshinta #ganjarpranowo 🤔🤔🤔 banjir lagi...,
105,Brian_qq,@ch_chotimah2 @ganjarpranowo Kebanyakan kritik lu... Kritik soal food estate proyek pencitraan model dodol... Impor beras saat panen raya.. distribusi pupuk subsidi yang kagak jelas... Junjungan lu kaga dikritik masalah identitas goib ... Mabok kencing babi.. cebi,
106,AgoesSis,@jokowi @KemenPU @ganjarpranowo pripun niki pak?,
107,FlameObituary,"@adnan_uj @BosPurwa @xix0_3 @ganjarpranowo Kalo gagal semua,mulailah jadi kontraktor kemudian bangun 50 rumah pendukungnya pake duit zakat,pasti berhasil",
108,Satriya1158,"@adeantiko @blontankpoer @ganjarpranowo Makasih sdh menjelaskan lebih detail.. Ada wewenangnya masing"" satkernya.. Sy pernah melakukan pendampingan dana desa; knp jalan itu tdk kita perbaiki.. Dijawab; itu jalan kabupaten, desa tak punya wewenang.
Cilaka 17 - pdhal itu akses penting utk kegiatan desa ini...",
109,gundalaRI,@ganjarpranowo @LaporGub_ Diinget2 Pak nama yg wawancara biar nanti kalo ditanya kenal apa engga jawabnya ngga salah 😀,Stuttgart
110,JukiWak,"@ganjarpranowo Suwe suwe koyo Anis,kakean teori",
111,masjawara15,"@ganjarpranowo @jokowi Mesakne den den, karepe ngetwit malah disambati rakyate, masalahe mung kuwa kuwi ra bar bar",
112,JukiWak,"@ganjarpranowo @jokowi Ra usah duwur ngomong Negoro, kae loh dalan Jawa r4ngah bejat Kabeh. Ki dalan Pati Rembang macet total. Ditakoki solusi malah dijawab mediamu OPO ra Ceto🤣🤣🤣. Ngene kok ke PD an nyalon presiden.",
113,voxyimpianku,"@ch_chotimah2 @ganjarpranowo Alah , kalo bangun jalan gubernur yang disebut
Giliran banjir, itu tanggung jawab bupati ato walikota, 
Dobol dobol",
114,MuhamadIrfanMu5,@ganjarpranowo https://t.co/12uuxkGaps,"Bumiayu, Indonesia"
115,cah_bagus1204,@TyoSade35337920 @ch_chotimah2 @ganjarpranowo Orang bego gak ngerti keuangan pemerintahan ya gini. APBD kalo tdk hbs terserap justru jd pertanyaan. Artinya program2 yg sdh dianggarkan tdk dijalankan.,
116,bpjtegal,"Sahabat #JalanCantik
Pemeliharaan Rutin Jalan dan Jembatan
BPJ Wilayah Tegal

#JatengGayeng

@ganjarpranowo @TajYasinMZ @provjateng @humasjateng @dprdjatengprov @dpubmckjateng https://t.co/1bIvXRTgMP","Slawi, Indonesia"
117,bpjtegal,"Sahabat #JalanCantik
Pemeliharaan Rutin Jalan dan Jembatan
BPJ Wilayah Tegal

#JatengGayeng

@ganjarpranowo @TajYasinMZ @provjateng @humasjateng @dprdjatengprov @dpubmckjateng https://t.co/5SkBuSplz5","Slawi, Indonesia"
118,bpjtegal,"Sahabat #JalanCantik
Pemeliharaan Rutin Jalan dan Jembatan
BPJ Wilayah Tegal

#JatengGayeng

@ganjarpranowo @TajYasinMZ @provjateng @humasjateng @dprdjatengprov @dpubmckjateng https://t.co/pJkskZqGOZ","Slawi, Indonesia"
119,_owh_gitu_ya_,@ganjarpranowo @LaporGub_ Cocok jadi komedian,Wakanda
120,bpjtegal,"Sahabat #JalanCantik
Pemeliharaan Rutin Jalan dan Jembatan
BPJ Wilayah Tegal

#JatengGayeng

@ganjarpranowo @TajYasinMZ @provjateng @humasjateng @dprdjatengprov @dpubmckjateng https://t.co/Edb54iUNBT","Slawi, Indonesia"
121,bpjtegal,"Sahabat #JalanCantik
Pemeliharaan Rutin Jalan dan Jembatan
BPJ Wilayah Tegal

#JatengGayeng

@ganjarpranowo @TajYasinMZ @provjateng @humasjateng @dprdjatengprov @dpubmckjateng https://t.co/qO19oow7J6","Slawi, Indonesia"
122,bpjtegal,"Sahabat #JalanCantik
Pemeliharaan Rutin Jalan dan Jembatan
BPJ Wilayah Tegal

#JatengGayeng

@ganjarpranowo @TajYasinMZ @provjateng @humasjateng @dprdjatengprov @dpubmckjateng https://t.co/kS6xAaRoTx","Slawi, Indonesia"
123,bpjtegal,"Sahabat #JalanCantik
Pemeliharaan Rutin Jalan dan Jembatan
BPJ Wilayah Tegal

#JatengGayeng

@ganjarpranowo @TajYasinMZ @provjateng @humasjateng @dprdjatengprov @dpubmckjateng https://t.co/wMtaDmsRJp","Slawi, Indonesia"
124,zazaniche,@gayengco @ganjarpranowo @jokowi Ini apa ga urgent yah di bangun jln tol utk mengurai...,"Banten, Indonesia"
125,bpjtegal,"Sahabat #JalanCantik
Pemeliharaan Rutin Jalan dan Jembatan
BPJ Wilayah Tegal

#JatengGayeng

@ganjarpranowo @TajYasinMZ @provjateng @humasjateng @dprdjatengprov @dpubmckjateng https://t.co/0hZw5hndQx","Slawi, Indonesia"
126,bpjtegal,"Sahabat #JalanCantik
Pemeliharaan Rutin Jalan dan Jembatan
BPJ Wilayah Tegal

#JatengGayeng

@ganjarpranowo @TajYasinMZ @provjateng @humasjateng @dprdjatengprov @dpubmckjateng https://t.co/tx40oDWLqO","Slawi, Indonesia"
127,bpjtegal,"Sahabat #JalanCantik
Pemeliharaan Rutin Jalan dan Jembatan
BPJ Wilayah Tegal

#JatengGayeng

@ganjarpranowo @TajYasinMZ @provjateng @humasjateng @dprdjatengprov @dpubmckjateng https://t.co/aUtKqA440G","Slawi, Indonesia"
128,bpjtegal,"Sahabat #JalanCantik
Pemeliharaan Rutin Jalan dan Jembatan
BPJ Wilayah Tegal

#JatengGayeng

@ganjarpranowo @TajYasinMZ @provjateng @humasjateng @dprdjatengprov @dpubmckjateng https://t.co/HCcosgfNE1","Slawi, Indonesia"
129,bpjtegal,"Sahabat #JalanCantik
Pemeliharaan Rutin Jalan dan Jembatan
BPJ Wilayah Tegal

#JatengGayeng

@ganjarpranowo @TajYasinMZ @provjateng @humasjateng @dprdjatengprov @dpubmckjateng https://t.co/BUD0WUOqC3","Slawi, Indonesia"
130,bpjtegal,"Sahabat #JalanCantik
Pemeliharaan Rutin Jalan dan Jembatan
BPJ Wilayah Tegal

#JatengGayeng

@ganjarpranowo @TajYasinMZ @provjateng @humasjateng @dprdjatengprov @dpubmckjateng https://t.co/jKrMeKO4Es","Slawi, Indonesia"
131,aan_muba,"Ini Cara Ganjar Nguri-uri Kesenian Daerah 

Sebanyak 110 desa di Janteng dapat bantuan seperangkat gamelan.
Ini adl bentuk kepedulian @ganjarpranowo pada Kesenian Tradisional agar kesenian tradisi desa semakin berkembang, dari karawitan, kuda lumping hingga wayang. 

#GANTARI 🇲🇨 https://t.co/IJpWVbHho3",
132,bpjtegal,"Sahabat #JalanCantik
Pemeliharaan Rutin Jalan dan Jembatan
BPJ Wilayah Tegal

#JatengGayeng

@ganjarpranowo @TajYasinMZ @provjateng @humasjateng @dprdjatengprov @dpubmckjateng https://t.co/44ihQzQqkq","Slawi, Indonesia"
133,meitta_99,@AndiDarwis71 @Dennysiregar7 @ch_chotimah2 @Miduk17 @yusuf_dumdum Mungkin mereka sangka raden ganjar pranowo...😅,sudut twitter
134,bpjtegal,"Sahabat #JalanCantik
Pemeliharaan Rutin Jalan dan Jembatan
BPJ Wilayah Tegal

#JatengGayeng

@ganjarpranowo @TajYasinMZ @provjateng @humasjateng @dprdjatengprov @dpubmckjateng https://t.co/JMnaVCP49D","Slawi, Indonesia"
135,bpjtegal,"Sahabat #JalanCantik
Pemeliharaan Rutin Jalan dan Jembatan
BPJ Wilayah Tegal

#JatengGayeng

@ganjarpranowo @TajYasinMZ @provjateng @humasjateng @dprdjatengprov @dpubmckjateng https://t.co/cXSznyMnhN","Slawi, Indonesia"
136,berkat061,@kominfo_jtg @ganjarpranowo Sukses buat pak gubernur 💪,Di Luar Angkasa ⭕
137,andriy1314,@blontankpoer @ganjarpranowo Jalan adi sumarmo lebih ngerih.🤣,Indonesia
138,DadangM12557896,@ganjarpranowo @LaporGub_ Jangan pilih parpol yg Ketumnya suka pamer lagi makan enak 🤪🤪🤪bikin kecemburuan aja,"Depok, Jawa Barat"
139,satpolppcilacap,"Menindaklanjuti aduan masyarakat terkait Orang Dalam Gangguan Jiwa (ODGJ) Wilayah Kabupaten Cilacap, Jumat (02/03/2023) di Jl. Ternak I, Menganti.

Selengkapnya di :
https://t.co/2YlAA1m9XA

@kemendagri 
@ditpolpp_linmas 
@ganjarpranowo 
@TajYasinMZ 
@satpolpp_jateng https://t.co/aTsF5fVNV4",Jl. Kelud Nomor 12 Cilacap
140,suryaamriza,"@UstadzBaik @BosPurwa @ganjarpranowo Jelas2 krn gagal merubah dirinya sendiri maka upayanya mengubah lain2 diluar dirinya gagal, kok ga ada alasannya. Talking point-nya, kl mau merubah sesuatu, mulailah sukses merubah diri sendiri. Ketahuan ga nyimak.",Indonesia
141,KelvinH60434047,@blontankpoer @ganjarpranowo Perbanyak jalan bercor😀😀😀😀,"Kota Surabaya, Jawa Timur"
142,adeantiko,"@blontankpoer @Satriya1158 @ganjarpranowo Maksudnya mas mbelink, pembangunan jalan itu belum tentu tanggung jawab pemda setempat, ada jalan provinsi, jalan kabkot, dan jalan nasional. Nah kalo jalan nasional, maka pemda manapun g punya kewenangan utk memperbaiki, krn itu kewenangannya BPJN di bawah kemenPU. CMIIW.",
143,RizkiR4madani,"Kalian Mau Bersatu Atau Bubar.. Bodo Amat, Gak Ngaruh Buat Rakyat Kecil Khususnya. Rakyat  Hanya Menginginkan Pak #GanjarPranowo Capres 2024, Presiden 2024-2029. Dah Itu Aje.. Selamat Pagie Indonesia 🇮🇩 Selamat Pagie Sobat tweps Yg Slalu Cihuyy ☕🚬. https://t.co/LMjciIa4cc","Depok, Jawa Barat"
144,Hendrowong,@kominfo_jtg @ganjarpranowo https://t.co/ozDDtrXPCJ,
145,Evello12,"Keduanya akan segera bertarung secara fair di Youtube. Sementara di Instagram dan Tiktok? Ganjar Pranowo telah membuktikan kreativitasnya. (9/9)

Selengkapnya? #TanyaEvello","Wisma Nugra Santana, Lt 13"
146,Evello12,"'@ganjarpranowo tinggal menunggu tiket dukungan parpol. Jika tiket itu ada, sorotan media &amp; panggung keduanya akan setara. (8/9)","Wisma Nugra Santana, Lt 13"
147,Evello12,"Kalah di Youtube, @ganjarpranowo ternyata jauh lebih populer dibandingkan dibandingkan @aniesbaswedan di Media Sosial Tiktok. Ganjar Pranowo mengoleksi interaksi melalui tombol Diggs sebanyak 8.100.198. Sementara Anies Baswedan mengoleksi 1.256.308. (5/9) https://t.co/CLPfNVe6z9","Wisma Nugra Santana, Lt 13"
148,Evello12,"Unggul tipis di Instagram, @ganjarpranowo ternyata tak setinggi interaksi @aniesbaswedan di Youtube. Di media sosial video ini, Anies mengoleksi 400.767 likes. Sementara Ganjar Pranowo tertinggal dengan koleksi likes sebanyak 110.112. (4/9) https://t.co/46AAETavrc","Wisma Nugra Santana, Lt 13"
149,Evello12,"'@ganjarpranowo mengoleksi 2.100.684 tombol likes dari warga Instagram, berbanding jumlah likes @aniesbaswedan yang mencapai 2.026.010 likes. Walau terbilang tipis, tetapi selisihnya mencapai 100 ribu likes. (3/9) https://t.co/2BSYP1gqHE","Wisma Nugra Santana, Lt 13"
150,Evello12,"'@aniesbaswedan dan @ganjarpranowo bersaing keras berebut interaksi warga Instagram sepanjang Februari 2023. Walau terbilang terpaut tipis, akan tetapi pertarungan di lapangan pertempuran ini dimenangkan Ganjar Pranowo. (2/9)","Wisma Nugra Santana, Lt 13"
151,Evello12,"Mengintip Interaksi @AniesBaswedan vs @GanjarPranowo di Instagram, Youtube &amp; Tiktok
(1/9)

Sebuah Utas 
Data Sepanjang Februari 2023","Wisma Nugra Santana, Lt 13"
152,Arofani_Hatifa,@hanayasausan @adnan_uj @BosPurwa @xix0_3 @ganjarpranowo 😂😂😂,
153,MasFey,@Fr4nst @ganjarpranowo Sakjane pemkab nya ngerjain apa aja ya?,"Batang, Indonesia"
154,Arofani_Hatifa,"@adnan_uj @BosPurwa @xix0_3 @ganjarpranowo Jadi RT gak berhasil jg, ya udah diem aja 😂😂😂",
155,liriksoe,"@kominfo_jtg @ganjarpranowo Lapor pak...jalan bolong2 dan gelombang sepanjang perbatasan demak-p4 pedurungan (jalan provinsi) jalur tengag,  juga sudah tidak mampu menampung kepadatan arus lalu lintas. Kapan diperbaiki dan diperlebar?",
156,Arofani_Hatifa,@adnan_uj @BosPurwa @xix0_3 @ganjarpranowo 😂😂😂,
157,Ugi7498,"@ganjarpranowo @Jateng_Twit @jokowi Tema pembahasan di tweet dgn gambar yg ditampilkan gak nyambung. Pembahasan ttg bencana, fotonya ttg Selfi para pejabat dan foto pencitraan. Klo udah gak nyambung gini, udah terbaca, bagaimana kualitas utk memimpin negara",
158,pudin69,"GANJAR JAMIN KEAMANAN PELAPOR &amp; LENGKAPI LAPORGUB FITUR ANONIM
@ganjarpranowo :
Banyak sekali laporan yang masuk, macem-macem bentuknya. Mulai yang pemerintahan, kebijakan publik sampai urusan
personal juga adukan, tidak masalah. https://t.co/pIWkkLthEg","Bojonggede, Indonesia"
159,Rifkifardianzah,@blontankpoer @ganjarpranowo Mbatangan Pati maaaasss... duuh setres lewat sana.. ini mau lebaran ga ada solusi yaa?,Malang Jawa Timur
160,teguhabengyuana,"@ganjarpranowo IKN langkah mengawali membawa Indonesia mewujudkan cita2 bangsa dan negara yg adil dan juga semoga makmur, bukan sebatas wacana, mimpi para pemimpin sebelumnya.
Ganjar yakinkan kita IKN 100% lanjut dan perjuangan diteruskan, amien",jakarta barat
161,Arofani_Hatifa,@BosPurwa @ganjarpranowo 😂😂😂,
162,AnasirBj,@ch_chotimah2 @ganjarpranowo uki psi sudah tak tantang ke jateng. tak biayai sampe dia puas dan tau tentang jateng. dia kagak berani dateng malah mlipir ngeles sana sini. pa lg lo cm modal batangan nul cenul. no macet juwana sampe lasem.,
163,AbuRayy61485339,@ch_chotimah2 @ganjarpranowo Suruh main ke jalur solo ponorogo via wonogiri ....ponorogo biar merasakan sensasi sokbreeker rusak ....,
164,Suatusaatnanti0,"@ganjarpranowo @LaporGub_ Infoo pak banjir dan macet pantura di pati.. Debit air nya tinggi poll
Macet nya puanjang poll
Semoga ada solusi
Tindakan lebih lanjut tentang gunung kendeng yang gundul
Dan jalan nya mohon untuk bisa di rekayasa jalur dan bantuan untuk yang terkena musibah ini🥲 https://t.co/3vDlK9U4VI",Neraka-nya
165,jayarastafara54,"@kominfo_jtg @ganjarpranowo Tai kucing ,tu lihat banyak jalan dipantura macet dan rusak",
166,Ibnurosy1,@ganjarpranowo @provjateng Betul sekali komandan👍👍👍👍,
167,FikiAryanto3,"Angka Prabowo itu lebih unggul dari Ganjar Pranowo dan Anies Baswedan. 

@prabowo @Gerindra 
capres2024 
pemilu2024 
dekade08 
terusmajubersamaprabowo 
mendingprabowo 

Wis Wayahe Prabowo 
2024 Pilih Prabowo 
Ayo Menangkan Prabowo",Bandung
168,CahneMay,@bumnbersatu @jokowi @aniesbaswedan @ch_chotimah2 @Dennysiregar7 @KompasEkonomi @detikcom @prabowo @ganjarpranowo @LOVE_AG4EVER @yunartowijaya @CakTugiman Gedang opo kuwi,
169,FikiAryanto3,"Elektabilitas Prabowo Melejit, Kalahkan Ganjar Pranowo hingga Anies Baswedan. 

@prabowo @Gerindra 
capres2024 
pemilu2024 
dekade08 
terusmajubersamaprabowo 
mendingprabowo 

Wis Wayahe Prabowo 
2024 Pilih Prabowo 
Ayo Menangkan Prabowo",Bandung
170,DeweSing,"@TyoSade35337920 @ch_chotimah2 @ganjarpranowo Poloannya keren masee, pantes benci pak Anies. Sesama penyuka bokep harus saling mendukung. https://t.co/rwSse7ASp8",Indonesia
171,BPJPATI,"Hallo Sahabat #JalanCantik
Pemeliharaan Rutin Jalan dan Jembatan
BPJ Wilayah Pati

#JatengGayeng
#gunakanmasker
#jagajarak
#cucitangan

@ganjarpranowo
@TajYasinMZ
@provjateng
@humasjateng
@dpubmckjateng
@BPJPATI https://t.co/dhBld8Skvw",
172,BPJPATI,"Hallo Sahabat #JalanCantik
Pemeliharaan Rutin Jalan dan Jembatan
BPJ Wilayah Pati

#JatengGayeng
#gunakanmasker
#jagajarak
#cucitangan

@ganjarpranowo
@TajYasinMZ
@provjateng
@humasjateng
@dpubmckjateng
@BPJPATI https://t.co/8XfW4A5284",
173,RizkiR4madani,"@HotelBrongto @DavidWijaya82 @SetiaAdy_p @BHD_8 @periani @bhenytarika28 @MukhtarLuthfi12 @JohnIrwan4 @lukmanalwahid @CANDAdanBISNIS @TukangMu @MaryanaNunung @dwija_pangarsa @Galih_Akek @EviSuryanti10 @sofiankawar1 @Yul3h4 @RazkaFaiz @PLiantini @Zulfika35354359 @babegalak1 @HeriSu19 @aguzts_ @SultanAnjar @BayuErrianto @positive_values @kasrulsani9 @Edward_1smail @LiaIsti1 @Recoignitionwal @eddies_song @CumiCue @AdigunaAtmaja @Iqbalkuntoro1 @BHD_58 @ganjarpranowo @jokowi @aan_muba @DPR_RI Ho,oh","Depok, Jawa Barat"
174,BPJPATI,"Hallo Sahabat #JalanCantik
Pemeliharaan Rutin Jalan dan Jembatan
BPJ Wilayah Pati

#JatengGayeng
#gunakanmasker
#jagajarak
#cucitangan

@ganjarpranowo
@TajYasinMZ
@provjateng
@humasjateng
@dpubmckjateng
@BPJPATI https://t.co/Yh97J8l8tW",
175,BPJPATI,"Hallo Sahabat #JalanCantik
Pemeliharaan Rutin Jalan dan Jembatan
BPJ Wilayah Pati

#JatengGayeng
#gunakanmasker
#jagajarak
#cucitangan

@ganjarpranowo
@TajYasinMZ
@provjateng
@humasjateng
@dpubmckjateng
@BPJPATI https://t.co/PWrVWKXPNl",
176,BPJPATI,"Hallo Sahabat #JalanCantik
Pemeliharaan Rutin Jalan dan Jembatan
BPJ Wilayah Pati

#JatengGayeng
#gunakanmasker
#jagajarak
#cucitangan

@ganjarpranowo
@TajYasinMZ
@provjateng
@humasjateng
@dpubmckjateng
@BPJPATI https://t.co/NqYfkmAn9I",
177,adangsetiadana,@mihrabku @kompascom @ganjarpranowo Sejak kapan ya kompas punya idealisme?,
178,BPJPATI,"Hallo Sahabat #JalanCantik
Pemeliharaan Rutin Jalan dan Jembatan
BPJ Wilayah Pati

#JatengGayeng
#gunakanmasker
#jagajarak
#cucitangan

@ganjarpranowo
@TajYasinMZ
@provjateng
@humasjateng
@dpubmckjateng
@BPJPATI https://t.co/JZy9le0aQZ",
179,DaTomphel,@blontankpoer @ganjarpranowo Uban lg kabur ke kota lain konten bagi2 duit sambil lari2 kecil,
180,dukung_ganjar,Santri Dukung Ganjar Jawa Barat melaksanakan Safari Majelis Talim ke Majelis Taklim Al-Muhajirin di Bandung Pada Tanggal 02/03/2023. #Ganjar #Ganjarpranowo #Ganjar2024 #Ganjarpranowo2024 #santridukungganjarjabar https://t.co/0db30rONOH,
181,eneng_19,"Ini luar biasa, kerja bagus 👍🇲🇨

Selama dua periode Gubernur Jawa Tengah Ganjar Pranowo telah membangun jalan desa dgn total 10 kilometer.
Upaya untuk menunjang infrastruktur &amp; perekonomian warga. https://t.co/OlKLVjszTH",city ​​of Jerusalem
182,sapriadi_doank,@ch_chotimah2 @ganjarpranowo https://t.co/pGInuO9owv,Mempawah
183,BPJPATI,"Hallo Sahabat #JalanCantik
Pemeliharaan Rutin Jalan dan Jembatan
BPJ Wilayah Pati

#JatengGayeng
#gunakanmasker
#jagajarak
#cucitangan

@ganjarpranowo
@TajYasinMZ
@provjateng
@humasjateng
@dpubmckjateng
@BPJPATI https://t.co/LA17yHf1vs",
184,progorejosari,@Wede00217596 @kominfo_jtg @ganjarpranowo @dpubmckjateng @provjateng @KemenPU @LaporGub_ @laporwalikotmgl @jokowi @JoeBiden @KingSalman @KingAbdullahII Salah e main bal-balan,"Magelang, Jawa Tengah"
185,dephylla,"@ganjarpranowo Yth. Bapak Gubernur Jawa Tengah, mohon segera ditindak lanjuti perbaikan jalan Provinsi Semarang-Boja sampun ambyar pak gub, kasian mobilitas warga terhambat, sering jadi penyebab kecelakaan",
186,bpjtegal,"Sahabat #JalanCantik
Pemeliharaan Rutin Jalan dan Jembatan
BPJ Wilayah Tegal

#JatengGayeng

@ganjarpranowo @TajYasinMZ @provjateng @humasjateng @dprdjatengprov @dpubmckjateng https://t.co/Sm1D6In7Ai","Slawi, Indonesia"
187,Bangkit92894137,@YUDHI_Laksana @ganjarpranowo,
188,ToRush9,"@ganjarpranowo Mbok dimulai dari jalan provinsi sendiri ndoro 

Ampun pencitraan ke provinsi lain",
189,bpjtegal,"Sahabat #JalanCantik
Pemeliharaan Rutin Jalan dan Jembatan
BPJ Wilayah Tegal

#JatengGayeng

@ganjarpranowo @TajYasinMZ @provjateng @humasjateng @dprdjatengprov @dpubmckjateng https://t.co/1cLZ5YFvq6","Slawi, Indonesia"
190,bpjtegal,"Sahabat #JalanCantik
Pemeliharaan Rutin Jalan dan Jembatan
BPJ Wilayah Tegal

#JatengGayeng

@ganjarpranowo @TajYasinMZ @provjateng @humasjateng @dprdjatengprov @dpubmckjateng https://t.co/iqKlERGZYX","Slawi, Indonesia"
191,bpjtegal,"Sahabat #JalanCantik
Pemeliharaan Rutin Jalan dan Jembatan
BPJ Wilayah Tegal

#JatengGayeng

@ganjarpranowo @TajYasinMZ @provjateng @humasjateng @dprdjatengprov @dpubmckjateng https://t.co/ibpu3fdrYj","Slawi, Indonesia"
192,BPJPATI,"Hallo Sahabat #JalanCantik
Pemeliharaan Rutin Jalan dan Jembatan
BPJ Wilayah Pati

#JatengGayeng
#gunakanmasker
#jagajarak
#cucitangan

@ganjarpranowo
@TajYasinMZ
@provjateng
@humasjateng
@dpubmckjateng
@BPJPATI https://t.co/rVHDX6zG1W",
193,bpjtegal,"Sahabat #JalanCantik
Pemeliharaan Rutin Jalan dan Jembatan
BPJ Wilayah Tegal

#JatengGayeng

@ganjarpranowo @TajYasinMZ @provjateng @humasjateng @dprdjatengprov @dpubmckjateng https://t.co/BcwwmSDFHB","Slawi, Indonesia"
194,bpjtegal,"Sahabat #JalanCantik
Pemeliharaan Rutin Jalan dan Jembatan
BPJ Wilayah Tegal

#JatengGayeng

@ganjarpranowo @TajYasinMZ @provjateng @humasjateng @dprdjatengprov @dpubmckjateng https://t.co/ynGaet2ATe","Slawi, Indonesia"
195,bpjtegal,"Sahabat #JalanCantik
Pemeliharaan Rutin Jalan dan Jembatan
BPJ Wilayah Tegal

#JatengGayeng

@ganjarpranowo @TajYasinMZ @provjateng @humasjateng @dprdjatengprov @dpubmckjateng https://t.co/ahmI9zcjpQ","Slawi, Indonesia"
196,JatengTV,(12) PT Perorangan memiliki kepastian hukum dan terdaftar resmi di Kemenkumham. Kedudukannya sama seperti PT biasa. #ptperorangan #badanhukum #badanusaha #umkm #ganjarpranowo #prabowo #aniesbaswedan #puanmaharani #pilpres2024 #IndonesiaBangkit #Jokowi https://t.co/HRqCfZTPEG,"Semarang, Jawa Tengah"
197,bpjtegal,"Sahabat #JalanCantik
Pemeliharaan Rutin Jalan dan Jembatan
BPJ Wilayah Tegal

#JatengGayeng

@ganjarpranowo @TajYasinMZ @provjateng @humasjateng @dprdjatengprov @dpubmckjateng https://t.co/EDQhMel6rk","Slawi, Indonesia"
198,bpjtegal,"Sahabat #JalanCantik
Pemeliharaan Rutin Jalan dan Jembatan
BPJ Wilayah Tegal

#JatengGayeng

@ganjarpranowo @TajYasinMZ @provjateng @humasjateng @dprdjatengprov @dpubmckjateng https://t.co/uhu7vfXSly","Slawi, Indonesia"
199,BPJPATI,"Hallo Sahabat #JalanCantik
Pemeliharaan Rutin Jalan dan Jembatan
BPJ Wilayah Pati

#JatengGayeng
#gunakanmasker
#jagajarak
#cucitangan

@ganjarpranowo
@TajYasinMZ
@provjateng
@humasjateng
@dpubmckjateng
@BPJPATI https://t.co/NTewpA8dVy",
200,bpjtegal,"Sahabat #JalanCantik
Pemeliharaan Rutin Jalan dan Jembatan
BPJ Wilayah Tegal

#JatengGayeng

@ganjarpranowo @TajYasinMZ @provjateng @humasjateng @dprdjatengprov @dpubmckjateng https://t.co/574yTyu5jx","Slawi, Indonesia"
201,Ugi7498,"@BosPurwa @DonAdam68 @ganjarpranowo Iya bener gak dapet. Sdh bagus awalnya, endingnya gregetnya hilang.",
202,BPJPATI,"Hallo Sahabat #JalanCantik
Pemeliharaan Rutin Jalan dan Jembatan
BPJ Wilayah Pati

#JatengGayeng
#gunakanmasker
#jagajarak
#cucitangan

@ganjarpranowo
@TajYasinMZ
@provjateng
@humasjateng
@dpubmckjateng
@BPJPATI https://t.co/cywU9u3Q5o",
203,bpjtegal,"Sahabat #JalanCantik
Pemeliharaan Rutin Jalan dan Jembatan
BPJ Wilayah Tegal

#JatengGayeng

@ganjarpranowo @TajYasinMZ @provjateng @humasjateng @dprdjatengprov @dpubmckjateng https://t.co/Ax3kmKn0F5","Slawi, Indonesia"
204,bpjtegal,"Sahabat #JalanCantik
Pemeliharaan Rutin Jalan dan Jembatan
BPJ Wilayah Tegal

#JatengGayeng

@ganjarpranowo @TajYasinMZ @provjateng @humasjateng @dprdjatengprov @dpubmckjateng https://t.co/tWrRr5btSx","Slawi, Indonesia"
205,PalingNKRI,@ganjarpranowo,"Shinjuku-ku, Tokyo"
206,bpjtegal,"Sahabat #JalanCantik
Pemeliharaan Rutin Jalan dan Jembatan
BPJ Wilayah Tegal

#JatengGayeng

@ganjarpranowo @TajYasinMZ @provjateng @humasjateng @dprdjatengprov @dpubmckjateng https://t.co/VS4r2nFpqs","Slawi, Indonesia"
207,BPJPATI,"Hallo Sahabat #JalanCantik
Pemeliharaan Rutin Jalan dan Jembatan
BPJ Wilayah Pati

#JatengGayeng
#gunakanmasker
#jagajarak
#cucitangan

@ganjarpranowo
@TajYasinMZ
@provjateng
@humasjateng
@dpubmckjateng
@BPJPATI https://t.co/kppww8BQX5",
208,bpjtegal,"Sahabat #JalanCantik
Pemeliharaan Rutin Jalan dan Jembatan
BPJ Wilayah Tegal

#JatengGayeng

@ganjarpranowo @TajYasinMZ @provjateng @humasjateng @dprdjatengprov @dpubmckjateng https://t.co/oXoUTvzoRX","Slawi, Indonesia"
209,bpjtegal,"Sahabat #JalanCantik
Pemeliharaan Rutin Jalan dan Jembatan
BPJ Wilayah Tegal

#JatengGayeng

@ganjarpranowo @TajYasinMZ @provjateng @humasjateng @dprdjatengprov @dpubmckjateng https://t.co/24Z5EWErJ0","Slawi, Indonesia"
210,bpjtegal,"Sahabat #JalanCantik
Pemeliharaan Rutin Jalan dan Jembatan
BPJ Wilayah Tegal

#JatengGayeng

@ganjarpranowo @TajYasinMZ @provjateng @humasjateng @dprdjatengprov @dpubmckjateng https://t.co/DCRQCxiR29","Slawi, Indonesia"
211,BPJPATI,"Hallo Sahabat #JalanCantik
Pemeliharaan Rutin Jalan dan Jembatan
BPJ Wilayah Pati

#JatengGayeng
#gunakanmasker
#jagajarak
#cucitangan

@ganjarpranowo
@TajYasinMZ
@provjateng
@humasjateng
@dpubmckjateng
@BPJPATI https://t.co/GW8ZCYBTMk",
212,BPJPATI,"Hallo Sahabat #JalanCantik
Pemeliharaan Rutin Jalan dan Jembatan
BPJ Wilayah Pati

#JatengGayeng
#gunakanmasker
#jagajarak
#cucitangan

@ganjarpranowo
@TajYasinMZ
@provjateng
@humasjateng
@dpubmckjateng
@BPJPATI https://t.co/xkDMbcHB75",
213,BPJPATI,"Hallo Sahabat #JalanCantik
Pemeliharaan Rutin Jalan dan Jembatan
BPJ Wilayah Pati

#JatengGayeng
#gunakanmasker
#jagajarak
#cucitangan

@ganjarpranowo
@TajYasinMZ
@provjateng
@humasjateng
@dpubmckjateng
@BPJPATI https://t.co/mchACpI5oR",
214,BPJPATI,"Hallo Sahabat #JalanCantik
Pemeliharaan Rutin Jalan dan Jembatan
BPJ Wilayah Pati

#JatengGayeng
#gunakanmasker
#jagajarak
#cucitangan

@ganjarpranowo
@TajYasinMZ
@provjateng
@humasjateng
@dpubmckjateng
@BPJPATI https://t.co/On7Zt9nELN",
215,dephylla,"@kominfo_jtg @ganjarpranowo Jalan provinsi Semarang-Boja sudah parah belum tertangani min, sudah banyak laporan kok belum ada tindak lanjut gimana ini???",
216,hersuss_sibejoo,"@ch_chotimah2 @ganjarpranowo Pengamat saya, malah banyak jalan rusak dan blm d bangun lagi...",
217,BPJPATI,"Hallo Sahabat #JalanCantik
Pemeliharaan Rutin Jalan dan Jembatan
BPJ Wilayah Pati

#JatengGayeng
#gunakanmasker
#jagajarak
#cucitangan

@ganjarpranowo
@TajYasinMZ
@provjateng
@humasjateng
@dpubmckjateng
@BPJPATI https://t.co/5x2ozK07c3",
218,BPJPATI,"Hallo Sahabat #JalanCantik
Pemeliharaan Rutin Jalan dan Jembatan
BPJ Wilayah Pati

#JatengGayeng
#gunakanmasker
#jagajarak
#cucitangan

@ganjarpranowo
@TajYasinMZ
@provjateng
@humasjateng
@dpubmckjateng
@BPJPATI https://t.co/EdyCEDA6Fe",
219,Wede00217596,@progorejosari @kominfo_jtg @ganjarpranowo @dpubmckjateng @provjateng @KemenPU @LaporGub_ @laporwalikotmgl @jokowi @JoeBiden @KingSalman @KingAbdullahII Jembatan salahnya apa kok dilaporkan pak Ganjar,
220,BPJPATI,"Hallo Sahabat #JalanCantik
Pemeliharaan Rutin Jalan dan Jembatan
BPJ Wilayah Pati

#JatengGayeng
#gunakanmasker
#jagajarak
#cucitangan

@ganjarpranowo
@TajYasinMZ
@provjateng
@humasjateng
@dpubmckjateng
@BPJPATI https://t.co/Fop3dpCvFV",
221,BPJPATI,"Hallo Sahabat #JalanCantik
Pemeliharaan Rutin Jalan dan Jembatan
BPJ Wilayah Pati

#JatengGayeng
#gunakanmasker
#jagajarak
#cucitangan

@ganjarpranowo
@TajYasinMZ
@provjateng
@humasjateng
@dpubmckjateng
@BPJPATI https://t.co/8undb0EK3s",
222,ET_Monitor,"ERICK THOHIR NEWS |  Komentari Dukungan Jadi Cawapres Ganjar Pranowo, Erick Thohir: Saya Enggak Bisa Bilang Tidak https://t.co/nmPZMkSis3 | BangkitBersamaET","DKI Jakarta, Indonesia"
223,BPJPATI,"Hallo Sahabat #JalanCantik
Pemeliharaan Rutin Jalan dan Jembatan
BPJ Wilayah Pati

#JatengGayeng
#gunakanmasker
#jagajarak
#cucitangan

@ganjarpranowo
@TajYasinMZ
@provjateng
@humasjateng
@dpubmckjateng
@BPJPATI https://t.co/ieV2ZJfWJZ",
224,Ugi7498,@YUDHI_Laksana Oh masih dijabat Raden Mas Ganjar Pranowo. Maaf masih sibuk beliaunya. Menghadiri pelantikan jadi capres dari partai PDIP.,
225,BPJPATI,"Hallo Sahabat #JalanCantik
Pemeliharaan Rutin Jalan dan Jembatan
BPJ Wilayah Pati

#JatengGayeng
#gunakanmasker
#jagajarak
#cucitangan

@ganjarpranowo
@TajYasinMZ
@provjateng
@humasjateng
@dpubmckjateng
@BPJPATI https://t.co/NLaLKOrkme",
226,akhmad_khumedi,@blontankpoer @Divandaru @gayengco @ganjarpranowo Walaaaah kok buka rahasia..  yo malih ra sido rono dg kecepatan konstan 60 kmh,Digenggaman Allah SWT
227,BPJPATI,"Hallo Sahabat #JalanCantik
Pemeliharaan Rutin Jalan dan Jembatan
BPJ Wilayah Pati

#JatengGayeng
#gunakanmasker
#jagajarak
#cucitangan

@ganjarpranowo
@TajYasinMZ
@provjateng
@humasjateng
@dpubmckjateng
@BPJPATI https://t.co/ZKY1i0QvcJ",
228,AulTakashi,@ganjarpranowo @jokowi banjir masih menggenang tapi di tinggal.joging ke kalimantan.piyeee iki,
229,BPJPATI,"Hallo Sahabat #JalanCantik
Pemeliharaan Rutin Jalan dan Jembatan
BPJ Wilayah Pati

#JatengGayeng
#gunakanmasker
#jagajarak
#cucitangan

@ganjarpranowo
@TajYasinMZ
@provjateng
@humasjateng
@dpubmckjateng
@BPJPATI https://t.co/VBeTa90KiD",
230,progorejosari,@GuzDemang @blontankpoer @ganjarpranowo Gek patang tahun,"Magelang, Jawa Tengah"
231,BPJPATI,"Hallo Sahabat #JalanCantik
Pemeliharaan Rutin Jalan dan Jembatan
BPJ Wilayah Pati

#JatengGayeng
#gunakanmasker
#jagajarak
#cucitangan

@ganjarpranowo
@TajYasinMZ
@provjateng
@humasjateng
@dpubmckjateng
@BPJPATI https://t.co/o116KMHrOE",
232,BPJPATI,"Hallo Sahabat #JalanCantik
Pemeliharaan Rutin Jalan dan Jembatan
BPJ Wilayah Pati

#JatengGayeng
#gunakanmasker
#jagajarak
#cucitangan

@ganjarpranowo
@TajYasinMZ
@provjateng
@humasjateng
@dpubmckjateng
@BPJPATI https://t.co/8hlyB2oPme",
233,BPJPATI,"Hallo Sahabat #JalanCantik
Pemeliharaan Rutin Jalan dan Jembatan
BPJ Wilayah Pati

#JatengGayeng
#gunakanmasker
#jagajarak
#cucitangan

@ganjarpranowo
@TajYasinMZ
@provjateng
@humasjateng
@dpubmckjateng
@BPJPATI https://t.co/RZXw3Fk7E0",
234,progorejosari,@FauzanMusthofa @YehezkielSugiy1 @ClaudiaHSitomp1 @ArifPetaniKopi @poldajateng_ @KecamatanDukun @ganjarpranowo @PolrestaMgl @Sumadi54038642 @dimerapi @FmplMerapi @ArisIchsan @serenamonika @merapi_uncover Gertak sambel biasa,"Magelang, Jawa Tengah"
235,BPJPATI,"Hallo Sahabat #JalanCantik
Pemeliharaan Rutin Jalan dan Jembatan
BPJ Wilayah Pati

#JatengGayeng
#gunakanmasker
#jagajarak
#cucitangan

@ganjarpranowo
@TajYasinMZ
@provjateng
@humasjateng
@dpubmckjateng
@BPJPATI https://t.co/tEUOE1qgbU",
236,BPJPATI,"Hallo Sahabat #JalanCantik
Pemeliharaan Rutin Jalan dan Jembatan
BPJ Wilayah Pati

#JatengGayeng
#gunakanmasker
#jagajarak
#cucitangan

@ganjarpranowo
@TajYasinMZ
@provjateng
@humasjateng
@dpubmckjateng
@BPJPATI https://t.co/ZMZibZ54pm",
237,BPJPATI,"Hallo Sahabat #JalanCantik
Pemeliharaan Rutin Jalan dan Jembatan
BPJ Wilayah Pati

#JatengGayeng
#gunakanmasker
#jagajarak
#cucitangan

@ganjarpranowo
@TajYasinMZ
@provjateng
@humasjateng
@dpubmckjateng
@BPJPATI https://t.co/UarmighNrz",
238,BPJPATI,"Hallo Sahabat #JalanCantik
Pemeliharaan Rutin Jalan dan Jembatan
BPJ Wilayah Pati

#JatengGayeng
#gunakanmasker
#jagajarak
#cucitangan

@ganjarpranowo
@TajYasinMZ
@provjateng
@humasjateng
@dpubmckjateng
@BPJPATI https://t.co/aAsUQNfUXj",
239,radar_ntt,Ganjar Pranowo Unggul di Internet dan Media Sosial https://t.co/wp4B677mqg,Kupang NTT
240,MIrvanDarwin1,@trinugroho162 @ch_chotimah2 @ganjarpranowo nah ki wong kebumen ki @trinugroho162,
241,BPJPATI,"Hallo Sahabat #JalanCantik
Pemeliharaan Rutin Jalan dan Jembatan
BPJ Wilayah Pati

#JatengGayeng
#gunakanmasker
#jagajarak
#cucitangan

@ganjarpranowo
@TajYasinMZ
@provjateng
@humasjateng
@dpubmckjateng
@BPJPATI https://t.co/7ka8Wctz1z",
242,BPJPATI,"Hallo Sahabat #JalanCantik
Pemeliharaan Rutin Jalan dan Jembatan
BPJ Wilayah Pati

#JatengGayeng
#gunakanmasker
#jagajarak
#cucitangan

@ganjarpranowo
@TajYasinMZ
@provjateng
@humasjateng
@dpubmckjateng
@BPJPATI https://t.co/WnCpqurvbJ",
243,BPJPATI,"Hallo Sahabat #JalanCantik
Pemeliharaan Rutin Jalan dan Jembatan
BPJ Wilayah Pati

#JatengGayeng
#gunakanmasker
#jagajarak
#cucitangan

@ganjarpranowo
@TajYasinMZ
@provjateng
@humasjateng
@dpubmckjateng
@BPJPATI https://t.co/k7d7UoNVG5",
244,BPJPATI,"Hallo Sahabat #JalanCantik
Pemeliharaan Rutin Jalan dan Jembatan
BPJ Wilayah Pati

#JatengGayeng
#gunakanmasker
#jagajarak
#cucitangan

@ganjarpranowo
@TajYasinMZ
@provjateng
@humasjateng
@dpubmckjateng
@BPJPATI https://t.co/gBxaYske8y",
245,BPJPATI,"Hallo Sahabat #JalanCantik
Pemeliharaan Rutin Jalan dan Jembatan
BPJ Wilayah Pati

#JatengGayeng
#gunakanmasker
#jagajarak
#cucitangan

@ganjarpranowo
@TajYasinMZ
@provjateng
@humasjateng
@dpubmckjateng
@BPJPATI https://t.co/te8HmCaN1q",
246,aminuddin_1626,@blontankpoer @gayengco @ganjarpranowo Pak @ganjarpranowo coba perjalanan darat dari Semarang ke Rembang via arteri pantura ya,"Lasem, Rembang, Jawa Tengah"
247,_Lontongbalap,"@blontankpoer @ganjarpranowo iyoo pak Ganjar iku @ganjarpranowo , tak ajak ngopi nek gone @bunn_koffie tp sampeyan budale lewat Purwodadi lho ya dalane sek alus","Buenos Aires, Sragentina"
248,freshwater78,Pripun to pak @ganjarpranowo macet kalihan jalan rusak kok angel temen teratasi.,Pati - Rembang
249,triliuner007,@BosPurwa @ganjarpranowo Kata2 nya jelas sekali. Hanya orang tolol yang tidak tahu pesannya.,russia
250,jasonDJFM,@BosPurwa @ganjarpranowo Absurd it is,Indonesia
251,genta_evy,@ch_chotimah2 @ganjarpranowo https://t.co/8UHf2kdzZS,
252,donsat10,@blontankpoer @ganjarpranowo di tag pak Julinya boss sama @karanganyarkab iki piye?,
253,BangsriTerkini,"Iki Kategori Lubang Opo Ora Ya Pak @ganjar_pranowo @LaporGub_
@dpubmckjateng

 Lokasi Jalan Wedelan Bangsri

Via @12_galeri 

#bangsri #wedelan #jepara #bangsriterkini https://t.co/Iuo2zKyMsl","𝓑𝓪𝓷𝓰𝓼𝓻𝓲 , 𝓙𝓮𝓹𝓪𝓻𝓪"
254,pristiana92,@ganjarpranowo Jalan prov Banjarnegara-Pekalongan mohon diperhatikan pak. Banyak sekali yg berlubang dan tidak rata apalagi ditambah klo malam gelap. Sangat membahayakan pengendara lebih-lebih jika hujan.,Indonesia
255,brochandra,@suryaamriza @BosPurwa @ganjarpranowo Itu mua sebuah pidato level ketua osis saja mas... artinya dia nyinggung dirinya.klau g berhasil ubah jateng..jgn malah nyapres..tpi terserah kegilaannya dia saja mah..klau ngandalin yg penting jawa.kapan negeri ini mau maju,
256,JombloDai,"@blontankpoer @ganjarpranowo Ini udah langganan y mas, dari jaman dulu rumah pakdhe saya Deket situ jalanannya y kayak gitu aja",Indonesia
257,bpjkalongan,"Sahabat #JalanCantik
Pekerjaan Pemeliharaan Rutin Ruas
Wonotunggal - Surjo

@ganjarpranowo @TajYasinMZ
@provjateng @dpubmckjateng
@Bpjkalongan @humasjateng
@kominfo_jtg @dprdjatengprov https://t.co/3U1WcsmVEz","Pekalongan, Jawa Tengah"
258,bpjkalongan,"Sahabat #JalanCantik
Pekerjaan Pemeliharaan Rutin Ruas
Wonotunggal - Surjo

@ganjarpranowo @TajYasinMZ
@provjateng @dpubmckjateng
@Bpjkalongan @humasjateng
@kominfo_jtg @dprdjatengprov https://t.co/QELJjIcwqX","Pekalongan, Jawa Tengah"
259,bpjkalongan,"Sahabat #JalanCantik
Pekerjaan Pemeliharaan Rutin Ruas
Wonotunggal - Surjo

@ganjarpranowo @TajYasinMZ
@provjateng @dpubmckjateng
@Bpjkalongan @humasjateng
@kominfo_jtg @dprdjatengprov https://t.co/Jg9sB1pHdN","Pekalongan, Jawa Tengah"
260,bpjkalongan,"Sahabat #JalanCantik
Pekerjaan Pemeliharaan Rutin Ruas
Wonotunggal - Bts. Kab. Pekalongan

@ganjarpranowo @TajYasinMZ
@provjateng @dpubmckjateng
@Bpjkalongan @humasjateng
@kominfo_jtg @dprdjatengprov https://t.co/CachWTlzYp","Pekalongan, Jawa Tengah"
261,bpjkalongan,"Sahabat #JalanCantik
Pekerjaan Pemeliharaan Rutin Ruas
Wonotunggal - Bts. Kab. Pekalongan

@ganjarpranowo @TajYasinMZ
@provjateng @dpubmckjateng
@Bpjkalongan @humasjateng
@kominfo_jtg @dprdjatengprov https://t.co/5M3fzxMROh","Pekalongan, Jawa Tengah"
262,bpjkalongan,"Sahabat #JalanCantik
Pekerjaan Pemeliharaan Rutin Ruas
Wonotunggal - Bts. Kab. Pekalongan

@ganjarpranowo @TajYasinMZ
@provjateng @dpubmckjateng
@Bpjkalongan @humasjateng
@kominfo_jtg @dprdjatengprov https://t.co/29LNcGeayp","Pekalongan, Jawa Tengah"
263,bpjkalongan,"Sahabat #JalanCantik
Pekerjaan Pemeliharaan Rutin Ruas
Wonotunggal - Bts. Kab. Pekalongan

@ganjarpranowo @TajYasinMZ
@provjateng @dpubmckjateng
@Bpjkalongan @humasjateng
@kominfo_jtg @dprdjatengprov https://t.co/wZyeyjH3HK","Pekalongan, Jawa Tengah"
264,bpjkalongan,"Sahabat #JalanCantik
Pekerjaan Pemeliharaan Rutin Ruas
Wiradesa - Kajen

@ganjarpranowo @TajYasinMZ
@provjateng @dpubmckjateng
@Bpjkalongan @humasjateng
@kominfo_jtg @dprdjatengprov https://t.co/lbcCQin6cq","Pekalongan, Jawa Tengah"
265,bpjkalongan,"Sahabat #JalanCantik
Pekerjaan Pemeliharaan Rutin Ruas
Wiradesa - Kajen

@ganjarpranowo @TajYasinMZ
@provjateng @dpubmckjateng
@Bpjkalongan @humasjateng
@kominfo_jtg @dprdjatengprov https://t.co/YiompGL0mI","Pekalongan, Jawa Tengah"
266,bpjkalongan,"Sahabat #JalanCantik
Pekerjaan Pemeliharaan Rutin Ruas
Wiradesa - Kajen

@ganjarpranowo @TajYasinMZ
@provjateng @dpubmckjateng
@Bpjkalongan @humasjateng
@kominfo_jtg @dprdjatengprov https://t.co/ishKqHRXhq","Pekalongan, Jawa Tengah"
267,bpjkalongan,"Sahabat #JalanCantik
Pekerjaan Pemeliharaan Rutin Ruas
Kajen - Kesesi/Bts. Kab. Pemalang

@ganjarpranowo @TajYasinMZ
@provjateng @dpubmckjateng
@Bpjkalongan @humasjateng
@kominfo_jtg @dprdjatengprov https://t.co/vaj4C79hAf","Pekalongan, Jawa Tengah"
268,bpjkalongan,"Sahabat #JalanCantik
Pekerjaan Pemeliharaan Rutin Ruas
Kajen - Kesesi/Bts. Kab. Pemalang

@ganjarpranowo @TajYasinMZ
@provjateng @dpubmckjateng
@Bpjkalongan @humasjateng
@kominfo_jtg @dprdjatengprov https://t.co/iPdynECCIY","Pekalongan, Jawa Tengah"
269,bpjkalongan,"Sahabat #JalanCantik
Pekerjaan Pemeliharaan Rutin Ruas
Kajen - Kesesi/Bts. Kab. Pemalang

@ganjarpranowo @TajYasinMZ
@provjateng @dpubmckjateng
@Bpjkalongan @humasjateng
@kominfo_jtg @dprdjatengprov https://t.co/aQm8uGvdjF","Pekalongan, Jawa Tengah"
270,bpjkalongan,"Sahabat #JalanCantik
Pekerjaan Pemeliharaan Rutin Ruas
Kajen - Kesesi/Bts. Kab. Pemalang

@ganjarpranowo @TajYasinMZ
@provjateng @dpubmckjateng
@Bpjkalongan @humasjateng
@kominfo_jtg @dprdjatengprov https://t.co/jzKl8HFPgf","Pekalongan, Jawa Tengah"
271,bpjkalongan,"Sahabat #JalanCantik
Pekerjaan Pemeliharaan Rutin Ruas
Kajen - Kalibening/Bts. Kab. Banjarnegara

@ganjarpranowo @TajYasinMZ
@provjateng @dpubmckjateng
@Bpjkalongan @humasjateng
@kominfo_jtg @dprdjatengprov https://t.co/Gmf0aaVeoU","Pekalongan, Jawa Tengah"
272,bpjkalongan,"Sahabat #JalanCantik
Pekerjaan Pemeliharaan Rutin Ruas
Kajen - Kalibening/Bts. Kab. Banjarnegara

@ganjarpranowo @TajYasinMZ
@provjateng @dpubmckjateng
@Bpjkalongan @humasjateng
@kominfo_jtg @dprdjatengprov https://t.co/3piXRahOaP","Pekalongan, Jawa Tengah"
273,bpjkalongan,"Sahabat #JalanCantik
Pekerjaan Pemeliharaan Rutin Ruas
Kajen - Bts. Kab. Batang

@ganjarpranowo @TajYasinMZ
@provjateng @dpubmckjateng
@Bpjkalongan @humasjateng
@kominfo_jtg @dprdjatengprov https://t.co/oafo9vZUZ0","Pekalongan, Jawa Tengah"
274,bpjkalongan,"Sahabat #JalanCantik
Pekerjaan Pemeliharaan Rutin Ruas
Kajen - Bts. Kab. Batang

@ganjarpranowo @TajYasinMZ
@provjateng @dpubmckjateng
@Bpjkalongan @humasjateng
@kominfo_jtg @dprdjatengprov https://t.co/XwGKQXe8KH","Pekalongan, Jawa Tengah"
275,bpjkalongan,"Sahabat #JalanCantik
Pekerjaan Pemeliharaan Rutin Ruas
Kajen - Bts. Kab. Batang

@ganjarpranowo @TajYasinMZ
@provjateng @dpubmckjateng
@Bpjkalongan @humasjateng
@kominfo_jtg @dprdjatengprov https://t.co/yRAfufjBo4","Pekalongan, Jawa Tengah"
276,bpjkalongan,"Sahabat #JalanCantik
Pekerjaan Pemeliharaan Rutin Ruas
Banyuputih - Plantungan

@ganjarpranowo @TajYasinMZ
@provjateng @dpubmckjateng
@Bpjkalongan @humasjateng
@kominfo_jtg @dprdjatengprov https://t.co/QIMCP5ovXs","Pekalongan, Jawa Tengah"
277,bpjkalongan,"Sahabat #JalanCantik
Pekerjaan Pemeliharaan Rutin Ruas
Banyuputih - Plantungan

@ganjarpranowo @TajYasinMZ
@provjateng @dpubmckjateng
@Bpjkalongan @humasjateng
@kominfo_jtg @dprdjatengprov https://t.co/u3ShzLVUgP","Pekalongan, Jawa Tengah"
278,lvlygrlll,@MusaffaRidhani @hantumuka2 @yohanes42069 @GlHindu @ganjarpranowo @YaqutCQoumas Nah kan rep lu emg keliatan pea🤣,"Surakarta, Jawa Tengah"
279,Anonimous002022,@ganjarpranowo Yess....speak up lebih rutin dan kencang Mas Ganjar,
280,henrisabastian1,@YUDHI_Laksana Den Mas @ganjarpranowo sedang di Jakarta....jalan sehat.,
281,rakaalga_,@marvianrizki @ganjarpranowo Ra direwes blas om... Wkwk mabur ae,"Lasem, Rembang Indonesia"
282,PSGP2024,"Cawapres terbaik yang akan mendampingi Capres Prabowo Subianto adalah Ganjar Pranowo. Indonesia semakin baik, Indonesia semakiin kuat #Pilpres2024",Indonesia
283,Jogja_Menyapa,@KhinjarHitam @Retnowul8844 @ruhutsitompul @Miduk17 @ch_chotimah2 @ganjarpranowo 🤭🤭🤭😁😁😁😁,"Yogyakarta, Indonesia"
284,ahmad_zoon,@ganjarpranowo Namanya aja bermimpi ya gak berhasil.  Tapi kalau pak de merasa berhasil jadi gubernur lanjut jadi presiden. semoga sukses.,
285,Lilcomons,"Sekjen PAN, Eddy Soeparno yakin Ganjar Pranowo &amp; @erickthohir adalah perpaduan yang pas dan cocok sekali menjadi ikut dalam pemilihan Capres &amp; Cawapres untuk membangun Indonesia 2024 kedepan 🔥
#BangkitBersamaET https://t.co/elyhMkS29Z",
286,JudyK18823045,"@trinugroho162 @ch_chotimah2 @ganjarpranowo He he he biarin, dia akan terus memadankan. Selama masih meninggikan satu dan merendahkan lainnya, artinya belum sepadan!",
287,1ndonesiaku_,"@__wantaNKRI @ganjarpranowo #GanjarPranowo 
#GANTARI",
288,AnsoriJabrik,"@ganjarpranowo ganjar
 pranow",
289,chanel_coin,@BosPurwa @ganjarpranowo Wkwk,"Franklin Center, NJ"
290,DhonRhomadhon,@BosPurwa @ganjarpranowo Akward,
291,JatengTV,"(03) Pemilik PT Perorangan menjadi pemeran utama dalam mengatur kebijakan perusahaannya, termasuk dalam hal pengolahan data dan keuangan. #ptperorangan #sange #ciptakerja #indonesia #umkm #ganjarpranowo #prabowo #aniesbaswedan #puanmaharani #pilpres2024 https://t.co/HRqCfZTPEG","Semarang, Jawa Tengah"
292,JatengTV,"(03) Pemilik PT Perorangan menjadi pemeran utama dalam mengatur kebijakan perusahaannya, termasuk dalam hal pengolahan data dan keuangan. #ptperorangan #sange #ciptakerja #indonesia #umkm #ganjarpranowo #prabowo #aniesbaswedan #puanmaharani #pilpres2024 https://t.co/HRqCfZUnue","Semarang, Jawa Tengah"
293,hariepuryo,@blontankpoer @ganjarpranowo Jalan Kudus - Purwodadi yang jalan beton aja ambyar kondisinya sekarang. Terlalu banyak truk-truk bermuatan lebih melintas. Kekuatan jalan tetep tapi beban yg diterima semakin besar tiap harinya. Mungkin dl fungsi jembatan timbang tu gt kali ya.,"Undaan, Indonesia"
294,jpnncom,"Hadiri Rakornas Kebencanaan, Ganjar: Semua Mesti Siap-siap, ya #GanjarPranowo https://t.co/yetgUZs6Eo",Indonesia
295,aleqzaqi,"@ch_chotimah2 @ganjarpranowo Jalan banyak yg hancur, banjir hampir sebagian wilayah, media pencitraan thok, sama persis dengan metode yg sudah berhasil sampai ke sono...,",
296,AhmadNajih68,"@ganjarpranowo Pak, Pantura Rembang-Pati macet parah. Kepiye iki..
Selama bertahun-tahun make jalur pantura, tahun 2021-2022 adalah tahun terparah, dan ternyata masih berlanjut sampai 2023 🥲😮‍💨 
Mau sampai kapan ini?",Al-Ma'mun - Buntet Pesantren
297,ardika_rasya,@ch_chotimah2 @ganjarpranowo Nyet yu main k jateng..biar mulut lu d masukin aspal jln yg rusak..,
298,ItqonHakim,"Pak @ganjarpranowo 
Sesekali jalan lewat Pati-Rembang, trus lihat tuh kerusakan jalur pantura di wilayah kecamatan Batangan.

Ya... itu jalan Nasional, tapi mohon bantulah komunikasikan.","kajen, pati"
299,arifinasafa,"@pipihfiles @MIlhamMukmin1 @ganjarpranowo @PartaiDemokrat1 @NasDem @PKSejahtera @GunRomli @kurawa @chusnul_null Lebih baik, Lebih Bayar, Lebih .....
🤣🤣🤣🤣🤣",
300,channel_alec,@Ary_Prasetyo85 @ch_chotimah2 @ganjarpranowo Yang satu sukses ganti nama aa jalan di jakarta,"DKI Jakarta, Indonesia"
301,TepiJauh,@PolJokesID Dari pada buat ginian mending buat benerin jembatan juwana Den @ganjarpranowo,Sekitar Anda
302,raffieAhmad7,@democrazymedia Sindir @ganjarpranowo,
303,fkhbt_iya,@liila_c @bupati_jepara @ganjarpranowo @jeparakabgoid @detik_jateng @kompascom @JeparaHariIni Lholah ape lungo pantai biasane lewat kmpung kne mlah banjer,Istana
304,AkhmadKusasi4,@ch_chotimah2 @ganjarpranowo Makin tambah BUNGUL aja loe nul...😁🤭,
305,noname33274697,@ch_chotimah2 @ganjarpranowo Belum sehebat Anies yg bisa ganti nama jalan dalam sekejap,
306,JinoW14,@ganjarpranowo mantap pa gub.,
307,DidiMeniing,"@ch_chotimah2 @ganjarpranowo Pernah ke Jateng nul?
UMR terendah (1.8 JT - 2.1 JT)
Putus sekolah pd jd buruh konveksi
Provinsi termiskin
Banjir dimana mana (Pantura Jateng)
Jalan desa msh bnyk yg kek kubangan kebo

Gw yg org Jawa aja ogah dkg org yg cm prengas prenges petakilan kek Cakil https://t.co/TLlJ3QbFyI",
308,Budi_are_one,@blontankpoer @ganjarpranowo Nunut sekalian jalan dari wonogiri sampe eromoko mash banyak yg rusak bergelombang...,"Kota Surabaya, Jawa Timur"
309,yullyean96,"@ganjarpranowo Pokok aqu Jateng padamu pak Ganjar ,,,, sarangeohhh🫶🫶🫶",
310,djangkaru1,"@ganjarpranowo @jokowi Omonganmu ngedabrus, , , kenyataane ra nggwwunah, , , ,",
311,makganjar_ntt,"Sejak tahun 2013 total bantuan keuangan desa yang digulirkan Gubernur Jawa Tengah Ganjar Pranowo mencapai Rp8,4 triliun.

Bantuan keuangan itu merupakan wujud kepedulian Pemprov Jateng untuk mempercepat pembangunan infrastruktur di pedesaan. 
#ganjarpresiden2024 #makganjar https://t.co/1PFx6G4Xas","Nusa Tenggara Timur, Indonesia"
312,BKochba,@ganjarpranowo @LaporGub_ Laporan masuk tapi  nggak ada perubahan,
313,carteker1,@tris_no78 @ganjarpranowo @LaporGub_ Jalan kaki aja bang solusi terbaik ga bikin polusi udara,kamu nanya
314,netnotnetan,@iwanKur76759461 @ganjarpranowo 😂😂😂,
315,ReneSinclair,"@GanjarPranowo #Gubernur #Jateng mendampingi #Presiden @Jokowi. Di #JawaTengah tlh dilakukan mitigasi &amp; edukasi thdp masy, bentuk desa tangguh smp Sister Village, berlakukan agrn gotyong dgn alokasi agrn kebencanaan dr APBD, Baznas, CSR &amp; filantropis dlm tangani bencana. #Ganjar https://t.co/XCLEhsCXIo","Jakarta, Indonesia"
316,boendasyl,"Pak @ganjarpranowo dan pak @erickthohir merupakan perpaduan yg PAS untuk CAPRES Dan CAWAPRES tahun 2024 👍
#BangkitBersamaET https://t.co/B3pjkzYbw9","Kota Bandung, Jawa Barat"
317,MrEqualizer2024,"@ch_chotimah2 @ganjarpranowo Inilah gobloknya cenul, sudah tahu kalo yg dibangun jalan desa, lalu apa perannya si ganjar...?
Bwakakak",
318,asettkeluargaa,"@blontankpoer @ganjarpranowo Seminggu ini 2x bocor ban belakang di sekitaran bolon gara2 jalan berlubang, apes 😌","Jawa Tengah, Indonesia"
319,Itz_PangPang,"@Fr4nst @pn7l7h @ganjarpranowo malas mudik kerumah bini mas , dulu pernah aku di depan minimarket itu keciprat air dr buss smpe basah kuyup 😂😂 , sampe selarang malas ke blora lagi","Surakarta, Jawa Tengah"
320,sartikaaulia88,"Ganjar Pranowo Serahkan Hibah Bidang Sosial Kemasyarakatan Rp 148,1 Miliar

Rosé Congratulations Jimin Silent OMG JIMIN woozi Joni Mitchell Tiffany Ini Twitter jcole Jimin of BTS https://t.co/h5aTT2tDO2",
321,ImamBaihaqiBai2,@ch_chotimah2 @ganjarpranowo Luar binasa.,
322,AntonKu08408962,"@RonalSihotang78 @NasDem @aniesbaswedan KENAPA 
@NasDem
RAKYAT INDONESIA 
LEBIH MEMILIH 
"" GANJAR PRANOWO "" 
SEBAGAI 
SOSOK PENGGANTI 
PAK JOKOWIDODO",
323,Fr4nst,"@Itz_PangPang @pn7l7h @ganjarpranowo Artine opo, mas? Maaf, aku wong Jakarta, ora ngarti boso Jowo. Cuma bisa kira2 aja.🙏😂",Bumi
324,apri04089112,"@LaporGub_ @ganjarpranowo @dpubmckjateng enggeh pak,, jalur jenawi rusak parah",
325,Itz_PangPang,@Fr4nst @pn7l7h @ganjarpranowo aku nganti males mudik nggone bojokun😂😂,"Surakarta, Jawa Tengah"
326,nak_Negeri,"@Mdy_Asmara1701 @aniesbaswedan @AgusYudhoyono Saya setuju bgt dengan pasangan ini..., Ikutan tagarnya ya mba...

#AniesAHY ....

Jadi kemenangan mudah buat pasangan Ganjar Pranowo nantinya",
327,Widwira,Pak @ganjarpranowo 🙏,Jakarta
328,Fr4nst,"Pak Gubernur @ganjarpranowo , tolong dipantau. Menurut berita, jalan provinsi penghubung Blora dan Grobogan sudah lama rusak parah dan selama ini hanya ditambal sulam. Terima kasih.🙏",Bumi
329,smartAde091,@ganjarpranowo Prestasi pemborong.,
330,SaddamHusein123,@pn7l7h @KemenPU Pak @ganjarpranowo @DinkominfoBlora @info_Blora,"Kota Tegal, Jawa Tengah"
331,AndayaniL12,"Ganjar Pranowo Serahkan Hibah Bidang Sosial Kemasyarakatan Rp 148,1 Miliar

sheila dara ARTIST AND STAFF Indomie Yatai https://t.co/mPUQXRz1tL",
332,LekKacung,"Banjir Semarang, Tanggul Sungai Plumbon Jebol Belasan Rumah Terendam
2/3/23
@ganjarpranowo 
@bpbdjateng https://t.co/84ycl00NJV",Indonesia
333,ElshintaTegal_,"Gubernur @ganjarpranowo terus berupaya memperhatikan jalan desa di seluruh wilayahnya. Sehingga, jalan desa lebih tertata.

Tercatat, pada periode pertama dan kedua menjabat, total jalan yg sudah dibangun yaitu 10.942 km 

Via @kominfo_jtg
https://t.co/zyj1Z4Enbe","Tegal, Jawa Tengah"
334,SudahToh,"Luar biasa kinerja raja bokep Ganjar pranowo
Hanya ganjar yg bisa membuat jalan mencapai BIRAHI 🤣🤣🤣
Jalan pun BERLENDIR di tangan Ganjar 🤣🤣🤣🤣 https://t.co/hVhAEHy7VB",
335,PartBurungGalak,"nyuwun bantuannya, ndoro @ganjarpranowo 🙏🏻",
336,Line_LKH,PDIP Sebut PAN Berupaya Dongkrak Elektoral dengan Dukung Ganjar Pranowo https://t.co/VletrzhuOi,"Riau, Indonesia"
337,WagimanDeep212_,"@ganjarpranowo Nitip pak..
Blora inih, kabarnya Bupati sdh Kewalahan

https://t.co/P5UQpEM9De",
338,Widwira,#GanjarPranowo #GanjarUntukNKRI,Jakarta
339,Celotehanputra,@undipmenfess @ganjarpranowo @hendrarprihadi  pak ini ada laporan,"Semarang, Jawa Tengah"
340,UstadzBaik,"@suryaamriza @BosPurwa @ganjarpranowo Itu emang beneran ga jelas, karena mau coba bangun metafora pake logika deduktif tapi ga ada reasoningnya:
Dia ingin mengubah A, Gagal ; Karena xxxx
Lalu dia ingin mengubah B, Gagal : Karena xxxx
 Jelas sih ucapannya, cuma pas gagal merubah keluarga, ga ada alasannya, kering",Jakarta
341,ArifudinNur71,"Keren... Kerja terus bangun jawa tengah, biar Rakyat yang berjuang,, pokoknya terima beres pak Gub @ganjarpranowo santai saja.",
342,jowotulenasli,"@mihrabku @kompascom @ganjarpranowo Media kok di bs di setir.

Biarkan mrk berlomba di lapangan lgs utk mengenal utk kebaikan dan niatnya msg"".",
343,RohmanDewi1,@ganjarpranowo mantul sekali,
344,NgilmuKantiLaku,"@ganjarpranowo Ayo pak terapkan. 
Ubah Jateng gak berhasil
Ubah diri sendiri dulu dg tidak nonton bokep. 

Jangan di jateng gak berhasil mau dibawa keseluruh Indonesia",
345,widikur83197878,@ch_chotimah2 @ganjarpranowo Klo ngelibdur jangan sampe bego mas🤗🤗🤪🤪😁😁😁,"Jakarta,ID"
346,yaminhariyanto,"@ch_chotimah2 @ganjarpranowo KEMBALI KEHITTOH TUJUAN NEGARA.
'BANGUNLAH JIWANYA(AHLAK)BANGUNLAH BADANNYA UNTUK INDONESIA...","Sidoarjo, Indonesia"
347,Fery_setu,@ch_chotimah2 @ganjarpranowo 😴 https://t.co/PqUG7astnp,
348,gadis_pelupa,@gayengco @ganjarpranowo @jokowi hadeuh...ambisi RI 1 lagi,
349,mas_rifai77,"Kelas tokoh👉🏻
Habis Jokowi terbitlah @aniesbaswedan 

Kelas partai
Habis partai  PAN @dpp_pan terbitlah Partai UMMAT @DPP_PartaiUmmat 

Kelas kader
Habis puan @puanmaharani_ri terbitlah ganjar @ganjarpranowo 

Kelas bocil 

Habis si David terbitlah rubicon",Indonesia
350,putinkhov,@Miduk17 Etdahhhh ngapain luu yg stress.. urusin aja majikanmu si penggemar bokep @ganjarpranowo,"District of Columbia, USA"
351,irenefelicia16,"Angka Prabowo itu lebih unggul dari Ganjar Pranowo dan Anies Baswedan. 

capres2024 
pemilu2024 
dekade08 
terusmajubersamaprabowo 
mendingprabowo 

Wis Wayahe Prabowo 
2024 Pilih Prabowo 
Ayo Menangkan Prabowo",
352,burhanuddin30,@ch_chotimah2 @ganjarpranowo https://t.co/syDqoKpiWc,Indonesia 
353,ariekris4,"@ganjarpranowo @LaporGub_ LAPOR PAK...!!!
Pasukin haji Andree bin Kondre",malang
354,NgilmuKantiLaku,"@BosPurwa @ganjarpranowo Yg dia omongin itu gagasan jadul, ketahuan jarang baca. Trus ngomong ngalor ngidul lompat lompat.",
355,Cntikadwirtna,@GanjaranApp @ganjarpranowo @hascreativeid Dukungan penuh untuk pak Ganjar yang ingin mewujudkan sekolah di Indonesia bisa gratis Semoga nanti ketika Pak Ganjar menjadi presiden RI ke-8 itu semua akan terwujud,"Cileungsi, Indonesia"
356,BoediTomo19,"@mihrabku @abdurahmanfaqir @kompascom @ganjarpranowo Nggak bisa jadi pilar demokrasi...
#NKRIbutuhAkalSehat 
#PatriotYESparasitNO",
357,dolwakwak,"@ganjarpranowo @jokowi Siap siaga bencana. Tapi dalan srumbung magelang apa kabar pak ? 🤭 
Tambahi foto ben yangmulia bapak bapak ini tau bro @Jazim50517746",Zimbabwe
358,arezz_06,"@bupati_jepara @dlhjeparakab @ganjarpranowo info info.

 DALANAN RUSAK RAK DI DANDANI . 70% jalanan rusak di jepara .","Jepara, jawa tengah, indonesia"
359,Dimasnugrah8,"Angka Prabowo itu lebih unggul dari Ganjar Pranowo dan Anies Baswedan. 

capres2024 
pemilu2024 
dekade08 
terusmajubersamaprabowo 
mendingprabowo 

Wis Wayahe Prabowo 
2024 Pilih Prabowo 
Ayo Menangkan Prabowo",
360,Go_Drill,"@ch_chotimah2 @ganjarpranowo HUWWIKKKKK…. 10.000 km….

https://t.co/FWaDzeKeOW",U.N.C.L.E
361,LoveOfSpeechz,"@TyoSade35337920 @jar09071983 @ch_chotimah2 @ganjarpranowo harap maklum , cebong itu mengidolakan kadrun yang merampok uang si  cebong https://t.co/Ssx0eFln93",Indonesia
362,alifrud_,@ciciyaaa @blontankpoer @ganjarpranowo Ya kalo misuh gk jadi wisata religi now Mbak 😁,Neng kene dewe
363,LoveOfSpeechz,"@TyoSade35337920 @ch_chotimah2 @ganjarpranowo Anies gak pernah ngerampok uang anggaran EKTP , sementara ganjar maling anggaran , ini fakta pengadilan.

pendukung ganjar dan jokowi itu orangnya sama , sama2 bego https://t.co/6D4ryy6txs",Indonesia
364,septian75031382,@kominfo_jtg @ganjarpranowo @dpubmckjateng Ini di Sirampog kabupaten brebes https://t.co/UjGaNA0w88,
365,Go_Drill,"@ch_chotimah2 @ganjarpranowo @jokowi yang nasional… kalah…

10.000 : 1900

⅕ nya dowang…

https://t.co/hYPX7KSKsb",U.N.C.L.E
366,Fa8olous,@BosPurwa @ganjarpranowo Sirik aza ..,
367,Masrodin21,@blontankpoer @ganjarpranowo Memang parah de... dulu kalau ke bandara wis mallesi :)),
368,NurHida45041574,@imm_mbrk_ @ganjarpranowo pak @ganjarpranowo ....mesake banyak yg jatur,
369,NJadilah,"Angka Prabowo itu lebih unggul dari Ganjar Pranowo dan Anies Baswedan. 

capres2024 
pemilu2024 
dekade08 
terusmajubersamaprabowo 
mendingprabowo 

Wis Wayahe Prabowo 
2024 Pilih Prabowo 
Ayo Menangkan Prabowo",
370,HotelBrongto,@RizkiR4madani @DavidWijaya82 @SetiaAdy_p @BHD_8 @periani @bhenytarika28 @MukhtarLuthfi12 @JohnIrwan4 @lukmanalwahid @CANDAdanBISNIS @TukangMu @MaryanaNunung @dwija_pangarsa @Galih_Akek @EviSuryanti10 @sofiankawar1 @Yul3h4 @RazkaFaiz @PLiantini @Zulfika35354359 @babegalak1 @HeriSu19 @aguzts_ @SultanAnjar @BayuErrianto @positive_values @kasrulsani9 @Edward_1smail @LiaIsti1 @Recoignitionwal @eddies_song @CumiCue @AdigunaAtmaja @Iqbalkuntoro1 @BHD_58 @ganjarpranowo @jokowi @aan_muba @DPR_RI https://t.co/P23PS8pLn4,
371,BlackredGanz,@ch_chotimah2 Njing  gini saja lho biar kamu puas.. Bikin saja ganjar pranowo itu survey menang 1000% biar kamu puas. Gimana anjing? 🤣🤣🤣,
372,ZayLani03036841,"@ch_chotimah2 @ganjarpranowo Ingat sekali lagi,siapapun yg menjadi presiden RI nanti 2024,mereka tidak akan membiayai hidup kita,jadi buat apa terlalu fanatik pada capres tertentu.setelah mereka sukses menjadi presiden...siapa dia ...siapa kita...bahan pangan tetep aja mahal,ekonomi tetep aja sulit.",
373,ZayLani03036841,"@ch_chotimah2 @ganjarpranowo 😂😂😂Chusnul....Chusnul....dunia sudah tua,sudah mau kiamat,berbuat baiklah selagi masih diberi waktu,jgn pernah mengusik orang lain,urusi kehidupan sendiri,karna itu lebih penting.siapapun yg menjadi presiden nanti,mmereka tidak akan membiayai hidup kita, https://t.co/6BKSuoEb0h",
374,Putrakantong,"@ch_chotimah2 @ganjarpranowo Teruslah teriak kalau gak mau lapar, karena memang mulutmu dibayar untuk itu https://t.co/5OjwTY4cOI",Indonesia
375,L4w4k4nd4,"@KelvinH60434047 @ch_chotimah2 @ganjarpranowo Namanya aja islami tp pemilik akun kan mmg keturunan Pki si tapir bang.... Wajar lah begitu, krn mmg gak bs adu gagasan. Hanya bs ujaran kebencian",
376,BahasaHati6,"@BosPurwa @ganjarpranowo Yehhhh ....
Produk keren ga perlu promo, yg getol promo 
Tentunya Produk kurang laku😛
Paham Kan istilah strategi marketing?
.
Kasih paham anak buah Pak @aniesbaswedan 🙏",INDONESIA RAYA 🇮🇩
377,myungsookimx,"Sekjend PAN berkeyakinan kuat Ganjar Pranowo dan Erick Thohir akan menjadi perpaduan yang pas untuk 2024 mendatang.

@erickthohir 
#BangkitBersamaET https://t.co/W1WjCl8rmE",
378,Elvinaadinata,"Elektabilitas Prabowo Melejit, Kalahkan Ganjar Pranowo hingga Anies Baswedan. 

capres2024 
pemilu2024 
dekade08 
terusmajubersamaprabowo 
mendingprabowo 

Wis Wayahe Prabowo 
2024 Pilih Prabowo 
Ayo Menangkan Prabowo",bekasi
379,IND_MAJU,@Nicaragu417 @aniesbaswedan Beliau bro @Giring_Ganesha ketum @psi_id ya @GunRomli @ch_chotimah2 @ganjarpranowo @PDI_Perjuangan,
380,L4w4k4nd4,@ch_chotimah2 @ganjarpranowo Catut nama pak anies trus... Numpang tenar. Si uban mah cukup bokep aja yg dibahas ngapain bahas2 diluar kemampuan. Capekkkk mending biar anies aja...,
381,ariekris4,@BosPurwa @ganjarpranowo mungkin dengan nonton bokep terdapat keberhasilan keberhasilan dan keberhasilan disana..,malang
382,IND_MAJU,@MuhiqR Ooo klo ketahuan @psi_id @PSI_Jakarta #KawalUangRakyat ini pasti disorot habis ya Pak @GunRomli @Giring_Ganesha @Dennysiregar7 @PDI_Perjuangan @ganjarpranowo,
383,yusli_ghoib,@blontankpoer @kangkungikan @noeruzzaman @ganjarpranowo 😂😂😂,"Sidoarjo, Indonesia"
384,Jogja_Menyapa,@Abdoeljegger202 @ruhutsitompul @Miduk17 @ganjarpranowo 🤭🤭🤭🤣🤣🤣🤣,"Yogyakarta, Indonesia"
385,_jejakkita,"Ganjar pranowo dilihat sbg idola role model bagi mas Emil Dardak wagub jatim

#emildardak #ganjarpranowo #electionresults2023 #絶対に許さない映画 #TheMandalorian #KenyaVsNigeria #secim2023 #OMAnnecy #emergencyalert #INDvsAUSTest #BOYSPLANET https://t.co/JSM3B46czW",
386,anas_priyambodo,@blontankpoer @ganjarpranowo Cari tau kelas jalannya di rambu awal nama jalan kelas I/II,AE
387,Aris_febrian009,@masood789_ @ganjarpranowo terus kalo buat surat tanah bayar uang kami yang tiap tahun bayar pajak tanah di kemanain maaf orang kampung gak tau apa apa makanya nnya,
388,ariekris4,@ch_chotimah2 @ganjarpranowo ternyata elu masih kepikiran pak anies hahaha..,malang
389,JNugroho68,diMohon dengan sangat kepada pak @ganjarpranowo.  Untuk evaluasi kondisi kantor tersebut.  Apakah hal ini sering terjadi atau untuk pertama kalinya. Karena kejadian ini saya sangat di rugikan dari segi waktu karena harus datang lagi besok karna lokasi saya yg lumayan jauh https://t.co/5wiRK3uTz9,
390,trinugroho162,"@ch_chotimah2 @ganjarpranowo Coba ke sini aja..
Lihat kondisi jalan di Kebumen Jawa Tengah khususnya.",Kebumen Jateng Indonesia 
391,ubedasy,@blontankpoer @ganjarpranowo Kok ngeri jalane mas..!,"solo,bekasi-majalengka-Serpong"
392,MajinSamri,"@AdityaAzadkhan2 @ch_chotimah2 @ganjarpranowo @ch_chotimah2 ini bukan cewek, tapi cowok. Dia kerjanya bantuin Emo, bantuin iblis ganggu Orang2 Baik. Ini memang kerjaannya. Biar kalian tahu aja.
Hayyahhhh 😀😂🤣😂😀",
393,alex_suprijadi,@setionohadimul2 @knpiharis @ganjarpranowo @aniesbaswedan @prabowo @erickthohir @AgusYudhoyono @cakimiNOW Wuiiiiiih....mukanya kenapa tuuuuuh😂😂😂😂😂😂,
394,Taqim35937476,@BosPurwa @ganjarpranowo Kalau kau tdk tau maksud dr apa yg di bicarakan oleh pak ganjar berarti kau yg lebay... 😂😂😂😂😂 artinya jangan terlalu bicara besar ingin laksanakn perubahan dunia luar drpd diri sendiri kalau masih munafik sprt anis,
395,adimas_markum,Badhe dipun sindak mboten niki Ndoro @ganjarpranowo  @TemanGanjar2705,"California, USA"
396,TracyPedas,"Program pelestarian alam yg diinisasi oleh Gubernur Jateng @ganjar_pranowo sukses besar di mana kabupaten Jepara jadi buktinya krna berhasil meraih Adipura Kencana tahun 2023, yg merupakan penghargaan tertinggi atas keberhasilan dalam melestarikan lingkungan.
#GANTARI🇲🇨 
#Ganjar https://t.co/UcQBMBXqmR",
397,Anas_S_Alimi,"Pak @jokowi, Mas @ganjarpranowo dan Mas @gibran_tweet diundang DEEP PURPLE @_DeepPurple tanggal 10 Maret di Edutorium UMS Solo. https://t.co/6aUXYns4qI",Smart Idea Virus|Jogja-Jakarta
398,suryauy76921062,@ch_chotimah2 @ganjarpranowo https://t.co/50uOMy8Ma4,
399,MSyafiur,@SakuntaSarpaa @ILoveJepara @bupati_jepara @ganjarpranowo @dpubmckjateng @dpupr_jepara @JeparaHariIni @Jerapa_Twit @Jepara_Twit Kayune di ceblokno neng gon bolong wae ben tukul 🤣🤣🤣🤣,
400,alex_suprijadi,@knpiharis @ganjarpranowo @aniesbaswedan @prabowo @erickthohir @AgusYudhoyono @cakimiNOW Aku pilih kebo vs onta,
401,MashaNdeber,"""Sedangkan Ganjar Pranowo 18,9 persen, Anies Baswedan 17,9 persen,"" ujar Ade Irfan saat konferensi pers di Cikini, Jakarta Pusat, Selasa (28/2/2023).

#PrabowoUnggul
#BangkitBersama 
Prabowo Subianto",Oblast Tomsk
402,Cntikadwirtna,@GanjaranApp @ganjarpranowo Pak Ganjar ini sosok yang sangat berbeda dari calon pemimpin lainnya beliau lebih memilih bersafari ke sekolah-sekolah untuk mengajarkan kepada siswa-siswa tentang pentingnya anti korupsi demi terwujudnya pembangunan Indonesia yang lebih maju dan lebih baik,"Cileungsi, Indonesia"
403,MashaNdeber,"Peneliti Senior Media Survei Nasional (Median) Ade Irfan Abdurrahman mengatakan, tiga nama tokoh yang memiliki elektabilitas paling tinggi masih sama yaitu Prabowo Subianto, Ganjar Pranowo, dan Anies Baswedan.

#PrabowoUnggul
#BangkitBersama 
Prabowo Subianto",Oblast Tomsk
404,devano_nur,@kominfo_jtg @ganjarpranowo Neng tegal akeh dalan pda bodol,
405,TracyPedas,"Sekjen Partai PAN Eddy Soeparno mengatakan pasangan Ganjar Pranowo - Erick Thohir merupakan pasangan terbaik &amp; perpaduan yg pas u/ memimpin Indonesia di 2024 mendatang.
Keduanya jg mewakili dua kelompok pemilih yg slama ini kerap digunakan yaitu dari Jawa &amp; luar Jawa
#GANTARI 🇲🇨 https://t.co/i3D3QdEaTs",
406,MashaNdeber,"Berikut Elektabilitas Lima Capres Hasil Survei Median

Prabowo Subianto 20,5%

Ganjar Pranowo 18,9%

#PrabowoUnggul
#BangkitBersama 
Prabowo Subianto",Oblast Tomsk
407,syahlankholiq,@blontankpoer @ganjarpranowo Kayak di bulan.,"Agam, Sumatera Barat"
408,ayudestiani62,"@ganjarpranowo @LaporGub_ @dpubmckjateng Apalagi skrg alternatif ke kudus-jepara dr pati kidul masih tergenang banjir, jd belum bs dilewati kendaraan roda dua. Jd harus lewat lingkar pati utk ke kudus dstnya. Suwun.",Jalan Perhutani RT 02/04 Kayen
409,AnditaLyan14,"Ganjar Pranowo Serahkan Hibah Bidang Sosial Kemasyarakatan Rp 148,1 Miliar

McDonalds Ini Twitter Silent https://t.co/lj3UF8s2YS",
410,MHDYUSUFHANDOK1,"@ch_chotimah2 @ganjarpranowo Banjeeeerrrrrrrr,,,,,,,",
411,LRizkyplastik,@zarnaout45 @ganjarpranowo Punya program untuk atasi ini ngga...? Coba kita ingin tahu kualitas calon pemimpin. Mengatasi masalah besar itu dimulai dari mengatasi masalah kecil.,"Sukajadi, Indonesia"
412,RK_Lamongan,"Dalam 1 th trakhir elektabilitas Gub Jateng Ganjar Pranowo terus meningkat. Berbagai lembaga survei menyampaikan hal yg sama, nama Ganjar Pranowo konsisten berada di posisi atas dibanding dengan nama lainnya seperti AB dan PS. https://t.co/FtgiVdbTey",Indonesia
413,LRizkyplastik,@zarnaout45 @ganjarpranowo https://t.co/MjsALgI9jK,"Sukajadi, Indonesia"
414,penyndiri,@ch_chotimah2 @ganjarpranowo Jalan desa (gang &amp; setapak) itu dibuat oleh pemerintah desa memakai dana desa yg bersumber dari pemerintah pusat,lampung
415,rachmat_ezadewa,@ch_chotimah2 @ganjarpranowo Helehh . . .,"DKI Jakarta, Indonesia"
416,FaidhIlzam,"@blontankpoer @ganjarpranowo Brebes dah banyak nyawa hilang gara-gara jalan penuh lobang, brebes masih wilayah mu lo pak @ganjarpranowo",Gotham city
417,ayudestiani62,"@ganjarpranowo @LaporGub_ @dpubmckjateng Mohon pak utk jalan rusak/berlubang segera diperbaiki. Dan jg penerangan jalan mohon diperhatikan, krn sudah sering terjadi laka hingga md di tempat baik pagi/malam hari di jalan lingkar dekat PT Dua Kelinci Pati ke timur.",Jalan Perhutani RT 02/04 Kayen
418,mdeenne,@blontankpoer @ganjarpranowo @ganjarpranowo  dipun sumanggaakeun menawi ngersani nyobi jalan ukir ten jeporo pak https://t.co/JXXidFjeNj,
419,TracyPedas,"Optimalisasi Pembangunan Insfratruktur merupakan kunci sukses Pak Ganjar Pranowo dlm memajukan Jateng dimana Pak Ganjar memberi porsi besar kpda pembangunan infrastruktur jalan di 35 daerah tingkat dua.
Dari thn 2013- sekrg tercatat 6.724,29 KM jalan kab/kota yg sdh dibangun👍 https://t.co/Cf62NtpZIe",
420,RheaZhary,@Bramfanggi @ch_chotimah2 @ganjarpranowo https://t.co/NWBrZfY56Z,"Yogyakarta, Indonesia"
421,BobyPrast,@perhubunganjtg @ganjarpranowo Mulai terurai?,"Semarang, Indonesia"
422,syihabsyi,@Karob_Borak @dpupr_jepara @bupati_jepara @PemkabJepara @ganjarpranowo @puprjalanjtgdiy @humasjateng @JeparaHariIni @ILoveJepara Hasemboh,"Jepara, Indonesia"
423,MashaNdeber,"Ganjar Pranowo (18,9%)

Anies Baswedan (17,9%)

Ridwan Kamil (9%)

Agus Harimurti Yudhoyono (3,5%)

#PrabowoUnggul
#BangkitBersama 
Prabowo Subianto",Oblast Tomsk
424,Sri_GanjarLpg,"Pelatihan Public Speaking bersama Ikatan Mahasiswa Bowo Puyuh
Lokasi di Kec. Kalianda Kab. Lampung Selatan. Lampung

#ganjarpranowo 
#ganjarpresiden2024 
#srikandiganjar 
#srikandiganjarlampung https://t.co/zwpqzdqewP",Lampung
425,sdg_sumsel1,"Halo para santri, hari ini SDG Sumsel menjalin silaturahmi dengan Pondok Pesantren Abi Ummi Palembang. (02/03/2023)

#santridukungganjar #santrinusantara  #ganjarpranowo #ganjar #ganjarforpresident2024 #ganjaruntukindonesia #politikbersih #alimulama
@SDGanjar @ganjarpranowo https://t.co/0ZCnrkyu35",
426,Rianada7,@AirinDatangLagi @ganjarpranowo https://t.co/6iFOf1aIqR,
427,Sri_GanjarLpg,"Pelatihan Public Speaking bersama Ikatan Mahasiswa Bowo Puyuh

Selasa, 28 Februari 2023
Lokasi : Jl. Pratu Umar Gg. Sanggar Way Urang Kec. Kalianda Kab. Lampung Selatan Prov. Lampung

#ganjarpranowo 
#ganjarpresiden2024 
#srikandiganjar 
#srikandiganjarlampung https://t.co/lijqfG2SVd",Lampung
428,ulilalbab_cuy,@AtikaGadiza @ganjarpranowo Berarti keluarga e jenengan orang kaya mbak,"Yogyakarta, Indonesia"
429,Rianada7,@AirinDatangLagi @ganjarpranowo Jl solo kartosuro.Pemimipin dzolim pasti hancur https://t.co/zDfFh9qNRr,
430,Ahmadway21,"@blontankpoer @ganjarpranowo Semua jalan kalo musim hujan begini ,jalur pantura Kendal Semarang ya sama, aspal nya jelek, klah sama air hujan..",
431,yusuf_abdillah_,@ch_chotimah2 @ganjarpranowo Coba nul main ke BREBES 😉,indonesia
432,Gusnek1,@AgungNiko @ganjarpranowo Dimana tempate keliatane nek ujan akeh sik do rusak kok...,
433,SDG_NTT,"#Ganjar #Ganjarpranowo #Ganjar2024 #Ganjarpranowo2024 #Ganjarpresiden 
#ganjarpranowopresiden #santridukungganjar #santriuntuknegeri https://t.co/TEMALDjpwe",
434,MrEqualizer2024,"@YUDHI_Laksana Denmas @ganjarpranowo disambati rakyatmu kuwi lo, mbokya ndang diurus.",
435,SwaraPita,"Berikut Elektabilitas Lima Capres Hasil Survei Median

Prabowo Subianto 20,5%

Ganjar Pranowo 18,9%

#PrabowoUnggul
#BangkitBersama 
Prabowo Subianto",
436,ariefsisoel,"@blontankpoer @ganjarpranowo Vario racing ku bar kejeglong mg kene yoan mas wingi kae, ket mbiyen ketoke rusak terus kono wi","Surakarta, Jawa Tengah"
437,TracyPedas,"Para pelajar yg berasal dari keluarga tidak mampu kini dapat meneruskan pendidikannya hingga lulus SMK di mana Gubernur Jateng Pak @ganjarpranowo mendirikan sekolah gratis bagi keluarga tidak mampu bahkan biaya hidup jg ditanggung Pemprov Jateng ❤️
#GANTARI 🇲🇨 https://t.co/3ORC1wZAAc",
438,yudikuncoro505,@ch_chotimah2 @ganjarpranowo Iye iye ommm .... Percaya kok omm....,
439,pekanbaru2_pku,@BosPurwa @ganjarpranowo Ngubah diri jadi apa,
440,shonnyf_ganesha,@SakuntaSarpaa @ILoveJepara @bupati_jepara @ganjarpranowo @dpubmckjateng @dpupr_jepara @JeparaHariIni @Jerapa_Twit @Jepara_Twit @dpupr_jepara,Taiwan
441,JatengTV,(11) Pemilik PT Perorangan bisa melakukan pemisahan kekayaan pribadi dan bisnis secara formal karena memiliki NPWP yang terpisah. #ptperorangan #badanusaha #umkm #ganjarpranowo #prabowo #aniesbaswedan #puanmaharani #pilpres2024 #IndonesiaHebat #Jokowi https://t.co/HRqCfZUnue,"Semarang, Jawa Tengah"
442,noez_wahyudi,"@bumnbersatu @jokowi @prabowo @hulaihi @ganjarpranowo Lanjut sesuai dg rencana, tahapan dah berlangsung, dana sudah dipakai, ditunda malah membengkak lagi",
443,SDaltanzul,@_Umamlik @TeweL0101 @ganjarpranowo Resmi,
444,kondrek6,@ganjarpranowo Pak...ada jln berlubang yg agakdalem....udh 4 bulan lebih Ndak di perbaiki ....pdhl dkt bgt sama DPU Ungaran ...tepat nya di simpang 4 terminal Ungaran .. yg mau ke arah taman Unyil.....pdhl dkt bgt sama kantor DPU.  ..itu yg dkt DPU az GK di perbaiki ....mohon di perbaiki pak,
445,FendyRome,@Ary_Prasetyo85 @ganjarpranowo Selamat ya pak @ganjarpranowo semoga bapak terpilih lagi unt menjadi Gubernur Jawa Tengah unt 3 periode👍💪👍,"Batujajar, Indonesia"
446,mortrebellion,@perhubunganjtg @ganjarpranowo Pak rembang ke arah barat macet pak 🤦🏻,Anywhere
447,DavidSutarno2,@be4_GE @gayengco @ganjarpranowo @jokowi Kalau lewat tol nombok uang jalan😁😁,
448,SwaraPita,"Ganjar Pranowo (18,9%)

Anies Baswedan (17,9%)

Ridwan Kamil (9%)

Agus Harimurti Yudhoyono (3,5%)

#PrabowoUnggul
#BangkitBersama 
Prabowo Subianto",
449,Benlizp,"Kadrun bercakap hanya Anis memperjuangkan Islam sedangkan yang lainya seperti Ganjar Pranowo dicap sebagai Anti Islam.

Claim mewakili islam,paling suci, paling benar dan yang lain salah, sudah menjadi watak-sifat para kadrun.

Padahal 80% umat islam tak suka dgn kadrun. https://t.co/Y1p02eF98Q",DKI Jakarta
450,naninunano7,"@FenisiaPhoenix Calon presiden ku nh, p' Ganjar Pranowo  💖🇮🇩",kajarta
451,liila_c,"Terhitung banjir 8 hari yang diakibatkan air sungai meluap. Mohon diberikan solusi yang bijak nggeh bapak😭😌
@bupati_jepara @ganjarpranowo 
@jeparakabgoid @detik_jateng 
@kompascom @JeparaHariIni https://t.co/79BAF76GFo",
452,Jaga5_sila,"HOAX atau FAKTA?

@ganjarpranowo bangun 6.724 km jalan kabupaten
@aniesbaswedan merusak jalan

Kadrun pilih siapa kalau mereka jd capres? 

Pake otaknya ya Drun 
Jgn pake dengkul https://t.co/nCV8kXxT1A","Arema, Indonesia"
453,Abdoeljegger202,@Jogja_Menyapa @ruhutsitompul @Miduk17 @ganjarpranowo 🤫.. sssst ojo banter² le 🤭,
454,OMGDKIJAKARTA,"Apa pandangan sobat semua soal penggunaan buzzer politik di sosmed kita? Silahkan komen di bawah ya...

#orangmudaganjar
#ganjarpranoworambutputih 
#ganjarrambutputih
#mariberpolitiktanpabasabasi
#anakjakartaberpolitik
#ganjarpranowo
#politikindonesia
#anakmuda
#jakartabersuara https://t.co/uv38B9zq5T",
455,be4_GE,"@DavidSutarno2 @gayengco @ganjarpranowo @jokowi lewat tol sepi bro, bisa ngebut 140/ jam.",
456,Jogja_Menyapa,@Abdoeljegger202 @ruhutsitompul @Miduk17 @ganjarpranowo 🤣🤣🤣🤣🤣🤣,"Yogyakarta, Indonesia"
457,Rhectza,@BosPurwa @ganjarpranowo Dongeng fiktif...,Indonesia
458,madularang,@Siantar72 @ganjarpranowo @PDI_Perjuangan @puanmaharani_ri @KakekHalal @AriozAtha @4rios16 @sasakpujut @indarsih72 Beda sama dajal nyaru menus...kuda tau lah https://t.co/vkBOV9YQfb,
459,Abdoeljegger202,@Satrianaiksupra @Jogja_Menyapa @ruhutsitompul @Miduk17 @ganjarpranowo 🤭🤫🤣,
460,njar_brahma,@Dilmil18 @ganjarpranowo @jokowi Untung udh direspon. Bisa2 kuwalat gk bisa nyapres ya pak 😅 https://t.co/kZ2mOYR9XX,Negeri Adjaib
461,nandi_sch,"@ch_chotimah2 @ganjarpranowo Jalan desa mah dari dana desa, dari kemendes. Semua desa melakukan hal yang sama di seluruh Indonesia.","Jakarta, Indonesia"
462,Satrianaiksupra,@Abdoeljegger202 @Jogja_Menyapa @ruhutsitompul @Miduk17 @ganjarpranowo bukannya sudah ganti jadi pak Banjir Pranowo?,
463,Optiktugumuda,"@ganjarpranowo Timur sma paket sokaraja pak gub, pas depan halte bus trans jateng, lubang mboten wiyar, tp kathah, matur nembah nuwun pak gub",
464,firmantile02,@BosPurwa @ganjarpranowo Maxud intinya ngga pernah berhasil gitu???,
465,Abdoeljegger202,@Jogja_Menyapa @ruhutsitompul @Miduk17 Hidup pak @ganjarpranowo,
466,maxversatan,pak ganjar pranowo,MV1 LN4 MM93 AM73 FQ20 IG28
467,Cangkacang13,Macet dijalur pantura Juwana Rembang sudah berhari hari. Jalur alternatif yang biasanya digunakan banjir. Terus harus lewat jalan mana? @ganjarpranowo @KemenPU https://t.co/9EQe7IUA4b,
468,dpraz_peje,@blontankpoer @ganjarpranowo Ada aplikasi namanya JALAN CANTIK. Buat laporan aja biar segera diperbaiki,Semarang
469,Praseti01999,"@AirinDatangLagi @ganjarpranowo Saya yang jadi warga jateng saja gak sudi milih dia.
lah kamu orang mana.?

sini maen ke jateng,nanti tak puter puterin biar tau semua jalan di jateng seperti apa.",
470,derpinhoz,@MatKecil69 @ch_chotimah2 @ganjarpranowo 10 rb km da nyampe eropa?,Or Yehuda
471,sahabatganjar,"Acara ini bertujuan untuk memberikan pelatihan dan pengalaman baru bagi nelayan, serta meningkatkan kesadaran akan pentingnya menjaga kebersihan lingkungan sekitar. 

#GanjarPranowo
#SahabatGanjar
#PestaRakyat
#SumateraSelatan https://t.co/79YdLTA8ke",
472,sahabatganjar,"Kegiatan Pengecatan Perahu Nelayan yang diselenggarakan oleh Sahabat Ganjar di Kabupaten Ogan Komering Ilir, Sumatera Selatan, telah berhasil menyatukan ratusan nelayan dan warga sekitar dalam suatu kegiatan yang menggembirakan.

#GanjarPranowo
#SahabatGanjar
#PestaRakyat https://t.co/1Yh4d5V42i",
473,ilhammita46,@ganjarpranowo Pak Ganjar Pranowo calon presiden 2024 fix no debat,
474,ilhammita46,@ganjarpranowo @LaporGub_ Pengaduan yg sangat aneh dari salah satu rakyat mu itu pak😂,
475,ilhammita46,"@ganjarpranowo Anak anak itu harus dijaga, di lindungi dan disayangi",
476,JatengTV,(12) PT Perorangan memiliki kepastian hukum dan terdaftar resmi di Kemenkumham. Kedudukannya sama seperti PT biasa. #ptperorangan #badanhukum #badanusaha #umkm #ganjarpranowo #prabowo #aniesbaswedan #puanmaharani #pilpres2024 #IndonesiaBangkit #Jokowi https://t.co/HRqCfZUnue,"Semarang, Jawa Tengah"
477,korong_hideung2,"@TyoSade35337920 @ch_chotimah2 @ganjarpranowo Cieee BACOT lu bau BANGKE
kalo anggaran Habis gak jelas
Apa pdip di DPRD diem aja",
478,SantriGanjar,"""Sebuah perjalanan ribuan mil dimulai dari langkah kecil"" 🇮🇩
@SantriGanjar 
#ganjarpranowoforpresident2024 
#ganjarpranowo 
#darisantriuntuknegri 
#santridukungganjar
#ganjarpresiden
#ganjar2024
#ganjarpranowo2024 https://t.co/e6IbzbBhis",
479,anjar_kz200,"@sastrajawacom Cc @jokowi 
@ganjarpranowo 
@ridwankamil 
@TriRismaHarini 
🙏🏻🙏🏻🙇🏻‍♂",Indonesia
480,Ary_Prasetyo85,@yohanis_Yaman @ganjarpranowo Done,
481,rizki22em,"Di mohon dengan segala hormat kepada bapak gubernur jawa tengah @ganjarpranowo @LaporGub_ untuk menindak lanjuti kasus jalan berlubang yang ada di daerah jalan Pantura Brebes maupun jalan alternatif nya,sudah cukup banyak yang jadi korban jalan berlubang. https://t.co/gScJkqotTh","Brebes, Indonesia"
482,angellwibisono,@ganjarpranowo @LaporGub_ mohon perhatianya pak @ganjarpranowo ini desa Pamriyan Gemuh sudh 2tahun bellum di perbaiki  🙏🙏🙏🙏 https://t.co/zPGMcpBfna,
483,iron_steel12,@Relawananies Kalau pak BTP yg dampingi pak Ganjar Pranowo kira2 gimana yah 😁😁,Tuban
484,hoax_bukan,@BosPurwa @ganjarpranowo Otak mu yg jongkok kontol basi,"Cibitung, Indonesia"
485,Jokond0,@FatimahMercy Luar biasa pak @ganjarpranowo,"Magelang, Jateng."
486,MesinBebek,"@ch_chotimah2 @ganjarpranowo Gara2 jalan berlobang, Belum sepekan dah makan korban lagi. https://t.co/FPgSB21utb",
487,L_Nasional,"Inilah suasana subuh pertama di Masjid Raya Syekh Muhammad bin Zayed Surakarta. 

Setelah sekian waktu akhirnya resmi sudah masjid raya ini untuk kita gunakan beribadah sebaik-baiknya. 

#kacamatabangsa #GanjarPranowo Ini Twitter Umur 15 https://t.co/VpIJVgGFcy",Bekasi
488,L_Nasional,"Ganjar Pranowo terus berupaya memperhatikan jalan desa di seluruh wilayahnya. Sehingga, jalan desa lebih tertata.

#kacamatabangsa #GanjarPranowo Ini Twitter Umur 15 https://t.co/vj2AUQKpvD",Bekasi
489,L_Nasional,"Ganjar Pranowo terus berupaya mengentaskan kemiskinan di wilayahnya. Mulai dari menghadirkan program Serat Kartini, agar perempuan bisa bersekolah dan Ceting Ketan, salah satu upaya menghadapi stunting.

#kacamatabangsa #GanjarPranowo Ini Twitter Umur 15 https://t.co/Rw2VfjZCRd",Bekasi
490,ilham_agner,"@ch_chotimah2 @ganjarpranowo Boong nya, jadi tuh nul","Kota Bandung, Jawa Barat"
491,H_Nasional,"Inilah suasana subuh pertama di Masjid Raya Syekh Muhammad bin Zayed Surakarta. 

Setelah sekian waktu akhirnya resmi sudah masjid raya ini untuk kita gunakan beribadah sebaik-baiknya. 

#kacamatabangsa #GanjarPranowo Ini Twitter Umur 15 https://t.co/dSzVIX9HJS",Jakarta
492,H_Nasional,"Ganjar Pranowo terus berupaya memperhatikan jalan desa di seluruh wilayahnya. Sehingga, jalan desa lebih tertata.

#kacamatabangsa #GanjarPranowo Ini Twitter Umur 15 https://t.co/pgbhGG3rBx",Jakarta
493,H_Nasional,"Ganjar Pranowo terus berupaya mengentaskan kemiskinan di wilayahnya. Mulai dari menghadirkan program Serat Kartini, agar perempuan bisa bersekolah dan Ceting Ketan, salah satu upaya menghadapi stunting.

#kacamatabangsa #GanjarPranowo Ini Twitter Umur 15 https://t.co/6MMTePUSk7",Jakarta
494,blontankpoer,"@Satriya1158 @ganjarpranowo ini bukan protes. cuma berbagi info. jalan yang berbatasan dengan dua (lebih) kabupaten/kota sering kurang perhatian. jika melibatkan dua pemerintahan daerah, maka yang membawahi keduanyalah yang punya kewenangan mengoordinasi dua (lebih) pihak.","ÜT: -7.544538,110.789063mbm sr"
495,ilham_agner,@ch_chotimah2 @ganjarpranowo https://t.co/wsyanxsAAT,"Kota Bandung, Jawa Barat"
496,B_Nasional1,"Inilah suasana subuh pertama di Masjid Raya Syekh Muhammad bin Zayed Surakarta. 

Setelah sekian waktu akhirnya resmi sudah masjid raya ini untuk kita gunakan beribadah sebaik-baiknya. 

#kacamatabangsa #GanjarPranowo Ini Twitter Umur 15 https://t.co/tyODLIs7oh",Majalengka
497,B_Nasional1,"Ganjar Pranowo terus berupaya memperhatikan jalan desa di seluruh wilayahnya. Sehingga, jalan desa lebih tertata.

#kacamatabangsa #GanjarPranowo Ini Twitter Umur 15 https://t.co/uTRuTMI6i1",Majalengka
498,B_Nasional1,"Ganjar Pranowo terus berupaya mengentaskan kemiskinan di wilayahnya. Mulai dari menghadirkan program Serat Kartini, agar perempuan bisa bersekolah dan Ceting Ketan, salah satu upaya menghadapi stunting.

#kacamatabangsa #GanjarPranowo Ini Twitter Umur 15 https://t.co/4jXvPC7Sgx",Majalengka
499,mastbagust,@zadit_tidaz @ganjarpranowo @LaporGub_ CHOCHOKX..!,kepo lu
500,Satriya1158,"@blontankpoer @ganjarpranowo Ini jalan nasional kah, jalan propinsi kah, jalan kabupaten kah atau jalan kota kah? Cari tau lah dulu, mungkin lebih baik agar protesnya bist tepat sasaran 🎯",
501,yugipork73,@AirinDatangLagi @ganjarpranowo Merusak jalan itu lebih cuan,
